step,phi,danger
0,0.099349,0.4753
1,0.096555,0.4930
2,0.092203,0.5103
3,0.088670,0.5271
4,0.087949,0.5432
5,0.109682,0.5588
6,0.108912,0.5737
7,0.107668,0.5880
8,0.106039,0.6015
9,0.104065,0.6142
10,0.101757,0.6262
11,0.099116,0.6374
12,0.096659,0.6477
13,0.096147,0.6571
14,0.096005,0.6657
15,0.096517,0.6733
16,0.097154,0.6800
17,0.097779,0.6858
18,0.098351,0.6906
19,0.098852,0.6944
20,0.099274,0.6973
21,0.099611,0.6991
22,0.099864,0.6999
23,0.100035,0.6998
24,0.100129,0.6986
25,0.100149,0.6965
26,0.100099,0.6933
27,0.099982,0.6892
28,0.099803,0.6841
29,0.099564,0.6780
30,0.099269,0.6710
31,0.099273,0.6631
32,0.099592,0.6543
33,0.099958,0.6445
34,0.100257,0.6340
35,0.100480,0.6225
36,0.100617,0.6103
37,0.100623,0.5973
38,0.100416,0.5836
39,0.100097,0.5691
40,0.099690,0.5540
41,0.099215,0.5382
42,0.099013,0.5219
43,0.099431,0.5050
44,0.100887,0.4875
45,0.102165,0.4696
46,0.103258,0.4513
47,0.104170,0.4326
48,0.104907,0.4136
49,0.105476,0.3943
50,0.105881,0.3747
51,0.106129,0.3550
52,0.106721,0.3351
53,0.107411,0.3152
54,0.107975,0.2952
55,0.108576,0.2752
56,0.109521,0.2553
57,0.110773,0.2355
58,0.112070,0.2158
59,0.113278,0.1964
60,0.114348,0.1772
61,0.115262,0.1583
62,0.116015,0.1398
63,0.116609,0.1217
64,0.117047,0.1040
65,0.117329,0.0868
66,0.117457,0.0702
67,0.117426,0.0541
68,0.117475,0.0386
69,0.117888,0.0238
70,0.118166,0.0097
71,0.118160,0.0000
72,0.117828,0.0000
73,0.117140,0.0000
74,0.116993,0.0000
75,0.119047,0.0000
76,0.121088,0.0000
77,0.122817,0.0000
78,0.124233,0.0000
79,0.125367,0.0000
80,0.126256,0.0000
81,0.126936,0.0000
82,0.127439,0.0000
83,0.127795,0.0000
84,0.128025,0.0000
85,0.128147,0.0000
86,0.128173,0.0000
87,0.128112,0.0000
88,0.127977,0.0000
89,0.128402,0.0000
90,0.129042,0.0000
91,0.129544,0.0000
92,0.129884,0.0000
93,0.130046,0.0000
94,0.129571,0.0000
95,0.128918,0.0000
96,0.128123,0.0000
97,0.127271,0.0000
98,0.126516,0.0000
99,0.126055,0.0000
100,0.125951,0.0049
101,0.125999,0.0188
102,0.125943,0.0334
103,0.125692,0.0486
104,0.125231,0.0645
105,0.124611,0.0809
106,0.124359,0.0979
107,0.125044,0.1154
108,0.126230,0.1334
109,0.127526,0.1518
110,0.128735,0.1706
111,0.129770,0.1896
112,0.130596,0.2090
113,0.131206,0.2286
114,0.131608,0.2483
115,0.131823,0.2682
116,0.131875,0.2882
117,0.131790,0.3082
118,0.131591,0.3282
119,0.131299,0.3481
120,0.130929,0.3678
121,0.130496,0.3875
122,0.130009,0.4069
123,0.129475,0.4260
124,0.128900,0.4448
125,0.128843,0.4633
126,0.129095,0.4813
127,0.129281,0.4989
128,0.128246,0.5160
129,0.127111,0.5326
130,0.125859,0.5485
131,0.124480,0.5639
132,0.122973,0.5786
133,0.121353,0.5926
134,0.119661,0.6058
135,0.117981,0.6183
136,0.116444,0.6301
137,0.115110,0.6409
138,0.113859,0.6510
139,0.112542,0.6601
140,0.111079,0.6684
141,0.109438,0.6757
142,0.107603,0.6821
143,0.105570,0.6875
144,0.103462,0.6920
145,0.101616,0.6955
146,0.099814,0.6980
147,0.097909,0.6995
148,0.098477,0.7000
149,0.099010,0.6995
150,0.099470,0.6980
151,0.099844,0.6955
152,0.100129,0.6921
153,0.100328,0.6876
154,0.100449,0.6822
155,0.100500,0.6758
156,0.100486,0.6685
157,0.100414,0.6602
158,0.100288,0.6511
159,0.100110,0.6411
160,0.099880,0.6302
161,0.099789,0.6185
162,0.099944,0.6060
163,0.100066,0.5928
164,0.100107,0.5788
165,0.100051,0.5641
166,0.099891,0.5488
167,0.099665,0.5328
168,0.099536,0.5162
169,0.100834,0.4992
170,0.102394,0.4816
171,0.103950,0.4635
172,0.105374,0.4451
173,0.106636,0.4263
174,0.107734,0.4071
175,0.108679,0.3877
176,0.109483,0.3681
177,0.110156,0.3483
178,0.110709,0.3284
179,0.111146,0.3085
180,0.111473,0.2885
181,0.111704,0.2685
182,0.112298,0.2486
183,0.112947,0.2288
184,0.113426,0.2093
185,0.113707,0.1899
186,0.113769,0.1708
187,0.113620,0.1521
188,0.113352,0.1337
189,0.113344,0.1157
190,0.114069,0.0982
191,0.115095,0.0812
192,0.116019,0.0647
193,0.116744,0.0488
194,0.117251,0.0336
195,0.117541,0.0190
196,0.117619,0.0051
197,0.117502,0.0000
198,0.117382,0.0000
199,0.117622,0.0000
200,0.118038,0.0000
201,0.118962,0.0000
202,0.120441,0.0000
203,0.122121,0.0000
204,0.123744,0.0000
205,0.125196,0.0000
206,0.126439,0.0000
207,0.127474,0.0000
208,0.128318,0.0000
209,0.128993,0.0000
210,0.129526,0.0000
211,0.129938,0.0000
212,0.130250,0.0000
213,0.130476,0.0000
214,0.130628,0.0000
215,0.130713,0.0000
216,0.130735,0.0000
217,0.130696,0.0000
218,0.131108,0.0000
219,0.131373,0.0000
220,0.131528,0.0000
221,0.131544,0.0000
222,0.131391,0.0000
223,0.131039,0.0000
224,0.130467,0.0000
225,0.129666,0.0000
226,0.128676,0.0095
227,0.127570,0.0236
228,0.126483,0.0384
229,0.125737,0.0539
230,0.125697,0.0700
231,0.125969,0.0866
232,0.126108,0.1038
233,0.126020,0.1214
234,0.125727,0.1396
235,0.125311,0.1581
236,0.125059,0.1769
237,0.125598,0.1961
238,0.126510,0.2155
239,0.127544,0.2352
240,0.128537,0.2550
241,0.129399,0.2749
242,0.130089,0.2949
243,0.130596,0.3149
244,0.130926,0.3349
245,0.131094,0.3547
246,0.131120,0.3745
247,0.131022,0.3940
248,0.130820,0.4133
249,0.130528,0.4324
250,0.130158,0.4511
251,0.129717,0.4694
252,0.129210,0.4873
253,0.127524,0.5047
254,0.126352,0.5216
255,0.125385,0.5380
256,0.124321,0.5538
257,0.123133,0.5689
258,0.121789,0.5834
259,0.120257,0.5971
260,0.118511,0.6101
261,0.116541,0.6224
262,0.114505,0.6338
263,0.113787,0.6444
264,0.113309,0.6541
265,0.112525,0.6630
266,0.111447,0.6709
267,0.110094,0.6780
268,0.108478,0.6840
269,0.106597,0.6891
270,0.104435,0.6933
271,0.101966,0.6964
272,0.099153,0.6986
273,0.098796,0.6998
274,0.098567,0.6999
275,0.098557,0.6991
276,0.098491,0.6973
277,0.098341,0.6945
278,0.098132,0.6907
279,0.097960,0.6859
280,0.098054,0.6801
281,0.098426,0.6734
282,0.098836,0.6658
283,0.099174,0.6573
284,0.099413,0.6478
285,0.099549,0.6375
286,0.099585,0.6264
287,0.099523,0.6144
288,0.099365,0.6017
289,0.099107,0.5881
290,0.098802,0.5739
291,0.098752,0.5590
292,0.098637,0.5435
293,0.098368,0.5273
294,0.098137,0.5106
295,0.099893,0.4933
296,0.101847,0.4755
297,0.103670,0.4574
298,0.105319,0.4388
299,0.106788,0.4199
300,0.108080,0.4006
301,0.109207,0.3812
302,0.110186,0.3615
303,0.111032,0.3417
304,0.111761,0.3217
305,0.112385,0.3017
306,0.112916,0.2817
307,0.113363,0.2618
308,0.113731,0.2419
309,0.114025,0.2222
310,0.114293,0.2027
311,0.115005,0.1834
312,0.115816,0.1645
313,0.116518,0.1458
314,0.117088,0.1276
315,0.117501,0.1098
316,0.117734,0.0924
317,0.117776,0.0756
318,0.117634,0.0593
319,0.117346,0.0436
320,0.116993,0.0286
321,0.116703,0.0143
322,0.116606,0.0006
323,0.116756,0.0000
324,0.116970,0.0000
325,0.117110,0.0000
326,0.117131,0.0000
327,0.117120,0.0000
328,0.117440,0.0000
329,0.118657,0.0000
330,0.120252,0.0000
331,0.121945,0.0000
332,0.123591,0.0000
333,0.125108,0.0000
334,0.126451,0.0000
335,0.127607,0.0000
336,0.128576,0.0000
337,0.129374,0.0000
338,0.130018,0.0000
339,0.130530,0.0000
340,0.130929,0.0000
341,0.131230,0.0000
342,0.131449,0.0000
343,0.131593,0.0000
344,0.131670,0.0000
345,0.131229,0.0000
346,0.130854,0.0000
347,0.131029,0.0000
348,0.131270,0.0000
349,0.131395,0.0000
350,0.131370,0.0000
351,0.131159,0.0006
352,0.130727,0.0142
353,0.130084,0.0285
354,0.129260,0.0436
355,0.128371,0.0592
356,0.127711,0.0755
357,0.127652,0.0923
358,0.128075,0.1097
359,0.128546,0.1275
360,0.128849,0.1457
361,0.128936,0.1644
362,0.128812,0.1833
363,0.128497,0.2026
364,0.128005,0.2221
365,0.127353,0.2418
366,0.126689,0.2617
367,0.126416,0.2816
368,0.126103,0.3016
369,0.125892,0.3216
370,0.126305,0.3416
371,0.127174,0.3614
372,0.128017,0.3811
373,0.128683,0.4005
374,0.129146,0.4198
375,0.129415,0.4387
376,0.129510,0.4573
377,0.129453,0.4755
378,0.129265,0.4932
379,0.127825,0.5105
380,0.126288,0.5272
381,0.124664,0.5434
382,0.122957,0.5589
383,0.121677,0.5738
384,0.120586,0.5881
385,0.119375,0.6016
386,0.118034,0.6143
387,0.116596,0.6263
388,0.115234,0.6375
389,0.114261,0.6478
390,0.113602,0.6572
391,0.112909,0.6658
392,0.112015,0.6734
393,0.110869,0.6801
394,0.109451,0.6859
395,0.107750,0.6906
396,0.105749,0.6945
397,0.103419,0.6973
398,0.100725,0.6991
399,0.100562,0.6999
400,0.100354,0.6998
401,0.100106,0.6986
402,0.099820,0.6965
403,0.099629,0.6933
404,0.099720,0.6892
405,0.099811,0.6841
406,0.099834,0.6780
407,0.099777,0.6710
408,0.099633,0.6630
409,0.099403,0.6542
410,0.099094,0.6445
411,0.098738,0.6339
412,0.098416,0.6224
413,0.098296,0.6102
414,0.098405,0.5972
415,0.098544,0.5834
416,0.098605,0.5690
417,0.098560,0.5538
418,0.098413,0.5381
419,0.098183,0.5217
420,0.098011,0.5048
421,0.099284,0.4874
422,0.100765,0.4695
423,0.102387,0.4512
424,0.104047,0.4325
425,0.105663,0.4134
426,0.107182,0.3941
427,0.108576,0.3746
428,0.109832,0.3548
429,0.110947,0.3350
430,0.111928,0.3150
431,0.112783,0.2950
432,0.113525,0.2750
433,0.114162,0.2551
434,0.114705,0.2353
435,0.115162,0.2156
436,0.115539,0.1962
437,0.115838,0.1770
438,0.116063,0.1582
439,0.116448,0.1396
440,0.117223,0.1215
441,0.117986,0.1039
442,0.118630,0.0867
443,0.119118,0.0700
444,0.119414,0.0540
445,0.119479,0.0385
446,0.119278,0.0237
447,0.118793,0.0096
448,0.118047,0.0000
449,0.117178,0.0000
450,0.116663,0.0000
451,0.117444,0.0000
452,0.118536,0.0000
453,0.119382,0.0000
454,0.119940,0.0000
455,0.120232,0.0000
456,0.120281,0.0000
457,0.120115,0.0000
458,0.119842,0.0000
459,0.120061,0.0000
460,0.120723,0.0000
461,0.122009,0.0000
462,0.123626,0.0000
463,0.125254,0.0000
464,0.126751,0.0000
465,0.128061,0.0000
466,0.129171,0.0000
467,0.130087,0.0000
468,0.130825,0.0000
469,0.131403,0.0000
470,0.131838,0.0000
471,0.131690,0.0000
472,0.131423,0.0000
473,0.131042,0.0000
474,0.130548,0.0000
475,0.130154,0.0000
476,0.130178,0.0000
477,0.130115,0.0051
478,0.129832,0.0189
479,0.129277,0.0335
480,0.128385,0.0488
481,0.127099,0.0646
482,0.125592,0.0811
483,0.126587,0.0981
484,0.128358,0.1156
485,0.129663,0.1336
486,0.130544,0.1520
487,0.131079,0.1707
488,0.131340,0.1898
489,0.131385,0.2092
490,0.131258,0.2287
491,0.130995,0.2485
492,0.130619,0.2684
493,0.130148,0.2884
494,0.129596,0.3084
495,0.128971,0.3283
496,0.128765,0.3482
497,0.128811,0.3680
498,0.128733,0.3876
499,0.128517,0.4070
500,0.128158,0.4262
501,0.127670,0.4450
502,0.127109,0.4634
503,0.126627,0.4815
504,0.126478,0.4991
505,0.125519,0.5162
506,0.124583,0.5327
507,0.123520,0.5487
508,0.122294,0.5640
509,0.120906,0.5787
510,0.119361,0.5927
511,0.117662,0.6060
512,0.115908,0.6185
513,0.114539,0.6302
514,0.113273,0.6410
515,0.112639,0.6511
516,0.112314,0.6602
517,0.111876,0.6684
518,0.111221,0.6758
519,0.110306,0.6821
520,0.109104,0.6876
521,0.107596,0.6920
522,0.105762,0.6955
523,0.103574,0.6980
524,0.100999,0.6995
525,0.100955,0.7000
526,0.100862,0.6995
527,0.100729,0.6980
528,0.100561,0.6955
529,0.100362,0.6920
530,0.100134,0.6876
531,0.099881,0.6821
532,0.099842,0.6757
533,0.100039,0.6684
534,0.100217,0.6602
535,0.100343,0.6510
536,0.100408,0.6410
537,0.100401,0.6301
538,0.100315,0.6184
539,0.100147,0.6059
540,0.099906,0.5927
541,0.099613,0.5787
542,0.099308,0.5640
543,0.099053,0.5486
544,0.098901,0.5326
545,0.098831,0.5161
546,0.099792,0.4990
547,0.100631,0.4814
548,0.101323,0.4634
549,0.101890,0.4449
550,0.102470,0.4261
551,0.103639,0.4070
552,0.105101,0.3876
553,0.106653,0.3680
554,0.108191,0.3482
555,0.109652,0.3283
556,0.110998,0.3083
557,0.112211,0.2883
558,0.113284,0.2683
559,0.114219,0.2484
560,0.115025,0.2287
561,0.115712,0.2091
562,0.116289,0.1897
563,0.116767,0.1706
564,0.117153,0.1519
565,0.117451,0.1335
566,0.117665,0.1155
567,0.117792,0.0980
568,0.118254,0.0810
569,0.118988,0.0646
570,0.119606,0.0487
571,0.120065,0.0335
572,0.120322,0.0189
573,0.120335,0.0050
574,0.120091,0.0000
575,0.119673,0.0000
576,0.119366,0.0000
577,0.119731,0.0000
578,0.120820,0.0000
579,0.122070,0.0000
580,0.123172,0.0000
581,0.124051,0.0000
582,0.124711,0.0000
583,0.125172,0.0000
584,0.125457,0.0000
585,0.125581,0.0000
586,0.125555,0.0000
587,0.125383,0.0000
588,0.125264,0.0000
589,0.125463,0.0000
590,0.125507,0.0000
591,0.125306,0.0000
592,0.124907,0.0000
593,0.124633,0.0000
594,0.125329,0.0000
595,0.126790,0.0000
596,0.127803,0.0000
597,0.128591,0.0000
598,0.129125,0.0000
599,0.129419,0.0000
600,0.129493,0.0000
601,0.129366,0.0000
602,0.129051,0.0000
603,0.128559,0.0097
604,0.127920,0.0238
605,0.127686,0.0386
606,0.127455,0.0540
607,0.127104,0.0701
608,0.126880,0.0867
609,0.127273,0.1039
610,0.128311,0.1216
611,0.129487,0.1397
612,0.130504,0.1582
613,0.131276,0.1771
614,0.131801,0.1963
615,0.132103,0.2157
616,0.132217,0.2354
617,0.132177,0.2552
618,0.132011,0.2751
619,0.131743,0.2951
620,0.131392,0.3151
621,0.130971,0.3350
622,0.130489,0.3549
623,0.129955,0.3746
624,0.129378,0.3942
625,0.129320,0.4135
626,0.129500,0.4325
627,0.129587,0.4512
628,0.129565,0.4695
629,0.129417,0.4874
630,0.127993,0.5049
631,0.126433,0.5218
632,0.124747,0.5381
633,0.122968,0.5539
634,0.121159,0.5690
635,0.119436,0.5835
636,0.117967,0.5972
637,0.116721,0.6102
638,0.115472,0.6225
639,0.114107,0.6339
640,0.112614,0.6445
641,0.111029,0.6542
642,0.109476,0.6631
643,0.108497,0.6710
644,0.107661,0.6780
645,0.106756,0.6841
646,0.105661,0.6892
647,0.104275,0.6933
648,0.102519,0.6965
649,0.100324,0.6986
650,0.100602,0.6998
651,0.100802,0.6999
652,0.100930,0.6991
653,0.100992,0.6973
654,0.100997,0.6944
655,0.100950,0.6906
656,0.100857,0.6858
657,0.100721,0.6801
658,0.100545,0.6734
659,0.100331,0.6657
660,0.100112,0.6572
661,0.100222,0.6477
662,0.100420,0.6374
663,0.100562,0.6263
664,0.100632,0.6143
665,0.100613,0.6015
666,0.100485,0.5880
667,0.100230,0.5738
668,0.099835,0.5589
669,0.099300,0.5433
670,0.098714,0.5271
671,0.098853,0.5104
672,0.100487,0.4931
673,0.101947,0.4754
674,0.103203,0.4572
675,0.104262,0.4386
676,0.105137,0.4197
677,0.105839,0.4005
678,0.106373,0.3810
679,0.106742,0.3613
680,0.106989,0.3415
681,0.107533,0.3215
682,0.108017,0.3016
683,0.108433,0.2816
684,0.109125,0.2616
685,0.110332,0.2418
686,0.111727,0.2221
687,0.113065,0.2025
688,0.114262,0.1833
689,0.115295,0.1643
690,0.116162,0.1457
691,0.116868,0.1274
692,0.117422,0.1096
693,0.117828,0.0923
694,0.118090,0.0754
695,0.118205,0.0592
696,0.118164,0.0435
697,0.118313,0.0285
698,0.118645,0.0141
699,0.118710,0.0005
700,0.118443,0.0000
701,0.117766,0.0000
702,0.116794,0.0000
703,0.118060,0.0000
704,0.120389,0.0000
705,0.122372,0.0000
706,0.123979,0.0000
707,0.125254,0.0000
708,0.126250,0.0000
709,0.127017,0.0000
710,0.127598,0.0000
711,0.128027,0.0000
712,0.128333,0.0000
713,0.128537,0.0000
714,0.128651,0.0000
715,0.128687,0.0000
716,0.128650,0.0000
717,0.128664,0.0000
718,0.129188,0.0000
719,0.129735,0.0000
720,0.130137,0.0000
721,0.130368,0.0000
722,0.129960,0.0000
723,0.129357,0.0000
724,0.128579,0.0000
725,0.127686,0.0000
726,0.126807,0.0000
727,0.126157,0.0000
728,0.125905,0.0007
729,0.125969,0.0143
730,0.126007,0.0287
731,0.125868,0.0437
732,0.125508,0.0594
733,0.124948,0.0756
734,0.124372,0.0925
735,0.124697,0.1098
736,0.125757,0.1276
737,0.127067,0.1459
738,0.128338,0.1645
739,0.129450,0.1835
740,0.130353,0.2028
741,0.131033,0.2223
742,0.131499,0.2420
743,0.131770,0.2619
744,0.131873,0.2818
745,0.131834,0.3018
746,0.131677,0.3218
747,0.131425,0.3417
748,0.131096,0.3616
749,0.130703,0.3812
750,0.130256,0.4007
751,0.129762,0.4199
752,0.129226,0.4389
753,0.128819,0.4574
754,0.128953,0.4756
755,0.129163,0.4934
756,0.128164,0.5106
757,0.127071,0.5273
758,0.125868,0.5435
759,0.124539,0.5591
760,0.123080,0.5740
761,0.121498,0.5882
762,0.119824,0.6017
763,0.118127,0.6145
764,0.116526,0.6264
765,0.115127,0.6376
766,0.113865,0.6479
767,0.112572,0.6573
768,0.111145,0.6658
769,0.109541,0.6735
770,0.107740,0.6802
771,0.105734,0.6859
772,0.103531,0.6907
773,0.101579,0.6945
774,0.099686,0.6973
775,0.097734,0.6991
776,0.098297,0.6999
777,0.098847,0.6998
778,0.099333,0.6986
779,0.099735,0.6964
780,0.100048,0.6933
781,0.100274,0.6891
782,0.100419,0.6840
783,0.100491,0.6779
784,0.100497,0.6709
785,0.100443,0.6630
786,0.100334,0.6541
787,0.100172,0.6444
788,0.099959,0.6338
789,0.099769,0.6223
790,0.099892,0.6101
791,0.100035,0.5971
792,0.100104,0.5833
793,0.100080,0.5689
794,0.099952,0.5537
795,0.099739,0.5379
796,0.099548,0.5216
797,0.099654,0.5047
798,0.101194,0.4872
799,0.102800,0.4693
800,0.104301,0.4510
801,0.105644,0.4323
802,0.106821,0.4133
803,0.107841,0.3939
804,0.108715,0.3744
805,0.109453,0.3547
806,0.110067,0.3348
807,0.110563,0.3148
808,0.110945,0.2948
809,0.111216,0.2748
810,0.111678,0.2549
811,0.112367,0.2351
812,0.112915,0.2155
813,0.113273,0.1960
814,0.113418,0.1769
815,0.113343,0.1580
816,0.113103,0.1395
817,0.112953,0.1214
818,0.113455,0.1037
819,0.114453,0.0865
820,0.115431,0.0699
821,0.116225,0.0538
822,0.116804,0.0384
823,0.117167,0.0236
824,0.117315,0.0095
825,0.117260,0.0000
826,0.117056,0.0000
827,0.117237,0.0000
828,0.117576,0.0000
829,0.118304,0.0000
830,0.119635,0.0000
831,0.121285,0.0000
832,0.122941,0.0000
833,0.124452,0.0000
834,0.125761,0.0000
835,0.126860,0.0000
836,0.127761,0.0000
837,0.128487,0.0000
838,0.129062,0.0000
839,0.129510,0.0000
840,0.129853,0.0000
841,0.130105,0.0000
842,0.130280,0.0000
843,0.130386,0.0000
844,0.130427,0.0000
845,0.130408,0.0000
846,0.130633,0.0000
847,0.131299,0.0000
848,0.131492,0.0000
849,0.131556,0.0000
850,0.131460,0.0000
851,0.131174,0.0000
852,0.130674,0.0000
853,0.129946,0.0000
854,0.129007,0.0052
855,0.127929,0.0191
856,0.126813,0.0336
857,0.125907,0.0489
858,0.125642,0.0648
859,0.125885,0.0812
860,0.126087,0.0982
861,0.126072,0.1158
862,0.125839,0.1337
863,0.125449,0.1521
864,0.125039,0.1709
865,0.125364,0.1900
866,0.126197,0.2093
867,0.127213,0.2289
868,0.128232,0.2487
869,0.129142,0.2686
870,0.129889,0.2885
871,0.130455,0.3085
872,0.130840,0.3285
873,0.131057,0.3484
874,0.131126,0.3682
875,0.131066,0.3878
876,0.130895,0.4072
877,0.130630,0.4263
878,0.130284,0.4451
879,0.129865,0.4636
880,0.129378,0.4816
881,0.128827,0.4992
882,0.127449,0.5163
883,0.126470,0.5328
884,0.125441,0.5488
885,0.124296,0.5642
886,0.123007,0.5788
887,0.121541,0.5928
888,0.119870,0.6061
889,0.117975,0.6186
890,0.115906,0.6303
891,0.114708,0.6411
892,0.114332,0.6511
893,0.113687,0.6603
894,0.112751,0.6685
895,0.111549,0.6758
896,0.110099,0.6822
897,0.108407,0.6876
898,0.106467,0.6921
899,0.104259,0.6955
900,0.101755,0.6980
901,0.098916,0.6995
902,0.098594,0.7000
903,0.098561,0.6995
904,0.098521,0.6980
905,0.098397,0.6955
906,0.098201,0.6920
907,0.097998,0.6875
908,0.097984,0.6821
909,0.098293,0.6757
910,0.098709,0.6683
911,0.099075,0.6601
912,0.099347,0.6509
913,0.099516,0.6409
914,0.099583,0.6300
915,0.099553,0.6183
916,0.099425,0.6058
917,0.099199,0.5925
918,0.098871,0.5785
919,0.098758,0.5638
920,0.098690,0.5485
921,0.098470,0.5325
922,0.098150,0.5159
923,0.099589,0.4988
924,0.101544,0.4812
925,0.103407,0.4632
926,0.105102,0.4447
927,0.106617,0.4259
928,0.107952,0.4068
929,0.109119,0.3874
930,0.110133,0.3678
931,0.111009,0.3480
932,0.111763,0.3281
933,0.112410,0.3081
934,0.112961,0.2881
935,0.113425,0.2681
936,0.113810,0.2482
937,0.114121,0.2285
938,0.114360,0.2089
939,0.114910,0.1896
940,0.115736,0.1705
941,0.116473,0.1517
942,0.117085,0.1333
943,0.117547,0.1154
944,0.117836,0.0979
945,0.117936,0.0809
946,0.117847,0.0644
947,0.117596,0.0486
948,0.117249,0.0333
949,0.116921,0.0188
950,0.116751,0.0049
951,0.116830,0.0000
952,0.117042,0.0000
953,0.117215,0.0000
954,0.117271,0.0000
955,0.117250,0.0000
956,0.117356,0.0000
957,0.118339,0.0000
958,0.119861,0.0000
959,0.121544,0.0000
960,0.123218,0.0000
961,0.124783,0.0000
962,0.126185,0.0000
963,0.127402,0.0000
964,0.128430,0.0000
965,0.129281,0.0000
966,0.129973,0.0000
967,0.130524,0.0000
968,0.130957,0.0000
969,0.131288,0.0000
970,0.131532,0.0000
971,0.131699,0.0000
972,0.131797,0.0000
973,0.131376,0.0000
974,0.130900,0.0000
975,0.130934,0.0000
976,0.131204,0.0000
977,0.131370,0.0000
978,0.131397,0.0000
979,0.131249,0.0000
980,0.130888,0.0098
981,0.130311,0.0239
982,0.129538,0.0387
983,0.128648,0.0542
984,0.127870,0.0702
985,0.127598,0.0869
986,0.127917,0.1041
987,0.128409,0.1218
988,0.128775,0.1399
989,0.128932,0.1584
990,0.128873,0.1773
991,0.128617,0.1965
992,0.128180,0.2159
993,0.127578,0.2355
994,0.126828,0.2554
995,0.126491,0.2753
996,0.126210,0.2953
997,0.125917,0.3153
998,0.126093,0.3352
999,0.126885,0.3551
