# Φ-trace trial_0: t,human_dist,pe,danger,phi,gain
TRACE,0.000,0.771,0.0000,0.6144,0.0968,0.3000
TRACE,0.040,0.736,0.0353,0.6320,0.0933,0.3000
TRACE,0.080,0.702,0.0059,0.6491,0.0917,0.3000
TRACE,0.120,0.669,0.0019,0.6657,0.0895,0.3000
TRACE,0.160,0.636,0.0044,0.6818,0.0880,0.3000
TRACE,0.200,0.605,0.0065,0.6973,0.1081,0.3000
TRACE,0.240,0.575,0.0047,0.7123,0.1061,0.3000
TRACE,0.280,0.547,0.0024,0.7267,0.1039,0.3000
TRACE,0.320,0.519,0.0034,0.7404,0.1015,0.3000
TRACE,0.360,0.493,0.0021,0.7536,0.0987,0.3000
TRACE,0.400,0.468,0.0000,0.7661,0.0984,0.3000
TRACE,0.440,0.444,0.0015,0.7779,0.0982,0.3000
TRACE,0.480,0.422,0.0006,0.7891,0.0980,0.3000
TRACE,0.520,0.401,0.0006,0.7997,0.0978,0.3000
TRACE,0.560,0.381,0.0030,0.8095,0.0976,0.3000
TRACE,0.600,0.363,0.0000,0.8186,0.0975,0.3000
TRACE,0.640,0.346,0.0029,0.8271,0.0974,0.3000
TRACE,0.680,0.330,0.0005,0.8348,0.0973,0.3000
TRACE,0.720,0.316,0.0005,0.8418,0.0972,0.3000
TRACE,0.760,0.304,0.0000,0.8480,0.0971,0.3000
TRACE,0.800,0.293,0.0000,0.8536,0.0971,0.3000
TRACE,0.840,0.283,0.0005,0.8583,0.0971,0.3000
TRACE,0.880,0.275,0.0000,0.8623,0.0971,0.3000
TRACE,0.920,0.269,0.0013,0.8656,0.0972,0.3000
TRACE,0.960,0.264,0.0000,0.8681,0.0973,0.3000
TRACE,1.000,0.260,0.0000,0.8698,0.0974,0.3000
TRACE,1.040,0.258,0.0000,0.8708,0.0976,0.3000
TRACE,1.080,0.258,0.0000,0.8710,0.0977,0.3000
TRACE,1.120,0.259,0.0000,0.8704,0.0979,0.3000
TRACE,1.160,0.262,0.0000,0.8691,0.0980,0.3000
TRACE,1.200,0.266,0.0000,0.8670,0.0982,0.3000
TRACE,1.240,0.272,0.0000,0.8642,0.0983,0.3000
TRACE,1.280,0.279,0.0000,0.8605,0.0985,0.3000
TRACE,1.320,0.288,0.0029,0.8562,0.0986,0.3000
TRACE,1.360,0.298,0.0000,0.8510,0.0988,0.3000
TRACE,1.400,0.310,0.0000,0.8452,0.0989,0.3000
TRACE,1.440,0.323,0.0000,0.8386,0.0991,0.3000
TRACE,1.480,0.338,0.0000,0.8312,0.0992,0.3000
TRACE,1.520,0.354,0.0000,0.8232,0.0994,0.3000
TRACE,1.560,0.371,0.0000,0.8144,0.0995,0.3000
TRACE,1.600,0.390,0.0013,0.8049,0.0996,0.3000
TRACE,1.640,0.410,0.0000,0.7948,0.0998,0.3000
TRACE,1.680,0.432,0.0000,0.7839,0.0999,0.3000
TRACE,1.720,0.455,0.0000,0.7724,0.1001,0.3000
TRACE,1.760,0.480,0.0000,0.7602,0.1002,0.3000
TRACE,1.800,0.505,0.0000,0.7474,0.1002,0.3000
TRACE,1.840,0.532,0.0000,0.7340,0.1002,0.3000
TRACE,1.880,0.560,0.0000,0.7199,0.1002,0.3000
TRACE,1.920,0.589,0.0000,0.7053,0.1002,0.3000
TRACE,1.960,0.620,0.0000,0.6901,0.1003,0.3000
TRACE,2.000,0.651,0.0000,0.6743,0.1004,0.3000
TRACE,2.040,0.684,0.0000,0.6580,0.1004,0.3000
TRACE,2.080,0.718,0.0000,0.6411,0.1005,0.3000
TRACE,2.120,0.753,0.0000,0.6237,0.1006,0.3000
TRACE,2.160,0.788,0.0000,0.6059,0.1007,0.3000
TRACE,2.200,0.825,0.0000,0.5876,0.1008,0.3000
TRACE,2.240,0.862,0.0014,0.5688,0.1009,0.3000
TRACE,2.280,0.901,0.0000,0.5497,0.1010,0.3000
TRACE,2.320,0.940,0.0000,0.5301,0.1011,0.3000
TRACE,2.360,0.980,0.0000,0.5101,0.1012,0.3000
TRACE,2.400,1.020,0.0000,0.4898,0.1023,0.3000
TRACE,2.440,1.062,0.0000,0.4691,0.1034,0.3000
TRACE,2.480,1.104,0.0000,0.4482,0.1045,0.3000
TRACE,2.520,1.146,0.0000,0.4269,0.1055,0.3000
TRACE,2.560,1.189,0.0000,0.4054,0.1065,0.3000
TRACE,2.600,1.233,0.0000,0.3837,0.1074,0.3000
TRACE,2.640,1.277,0.0000,0.3617,0.1083,0.3000
TRACE,2.680,1.321,0.0000,0.3396,0.1092,0.3000
TRACE,2.720,1.365,0.0000,0.3173,0.1100,0.3000
TRACE,2.760,1.410,0.0000,0.2948,0.1108,0.3000
TRACE,2.800,1.455,0.0000,0.2723,0.1116,0.3000
TRACE,2.840,1.501,0.0000,0.2496,0.1123,0.3000
TRACE,2.880,1.546,0.0000,0.2269,0.1131,0.3000
TRACE,2.920,1.592,0.0000,0.2042,0.1138,0.3000
TRACE,2.960,1.637,0.0000,0.1814,0.1144,0.3000
TRACE,3.000,1.683,0.0000,0.1587,0.1151,0.3000
TRACE,3.040,1.728,0.0000,0.1360,0.1158,0.3000
TRACE,3.080,1.773,0.0000,0.1134,0.1164,0.3000
TRACE,3.120,1.818,0.0000,0.0908,0.1170,0.3000
TRACE,3.160,1.863,0.0000,0.0684,0.1176,0.3000
TRACE,3.200,1.908,0.0014,0.0462,0.1182,0.3000
TRACE,3.240,1.952,0.0000,0.0241,0.1188,0.3000
TRACE,3.280,1.996,0.0000,0.0022,0.1194,0.3000
TRACE,3.320,2.039,0.0000,0.0000,0.1197,0.3000
TRACE,3.360,2.082,0.0000,0.0000,0.1200,0.3000
TRACE,3.400,2.124,0.0000,0.0000,0.1204,0.3000
TRACE,3.440,2.166,0.0000,0.0000,0.1208,0.3000
TRACE,3.480,2.207,0.0000,0.0000,0.1212,0.3000
TRACE,3.520,2.247,0.0000,0.0000,0.1216,0.3000
TRACE,3.560,2.287,0.0000,0.0000,0.1221,0.3000
TRACE,3.600,2.326,0.0008,0.0000,0.1225,0.3000
TRACE,3.640,2.364,0.0015,0.0000,0.1230,0.3000
TRACE,3.680,2.401,0.0000,0.0000,0.1234,0.3000
TRACE,3.720,2.438,0.0000,0.0000,0.1239,0.3000
TRACE,3.760,2.473,0.0012,0.0000,0.1243,0.3000
TRACE,3.800,2.507,0.0000,0.0000,0.1248,0.3000
TRACE,3.840,2.541,0.0000,0.0000,0.1252,1.0000
TRACE,3.880,2.573,0.0011,0.0000,0.1258,1.0000
TRACE,3.920,2.604,0.0000,0.0000,0.1261,1.0000
TRACE,3.960,2.634,0.0000,0.0000,0.1265,1.0000
TRACE,4.000,2.663,0.0000,0.0000,0.1270,1.0000
TRACE,4.040,2.691,0.0000,0.0000,0.1275,1.0000
TRACE,4.080,2.717,0.0000,0.0000,0.1279,1.0000
TRACE,4.120,2.743,0.0030,0.0000,0.1284,1.0000
TRACE,4.160,2.767,0.0005,0.0000,0.1289,1.0000
TRACE,4.200,2.789,0.0016,0.0000,0.1293,1.0000
TRACE,4.240,2.810,0.0000,0.0000,0.1297,1.0000
TRACE,4.280,2.830,0.0000,0.0000,0.1301,1.0000
TRACE,4.320,2.849,0.0000,0.0000,0.1306,1.0000
TRACE,4.360,2.866,0.0000,0.0000,0.1310,1.0000
TRACE,4.400,2.882,0.0000,0.0000,0.1310,1.0000
TRACE,4.440,2.896,0.0000,0.0000,0.1310,1.0000
TRACE,4.480,2.909,0.0000,0.0000,0.1310,1.0000
TRACE,4.520,2.920,0.0000,0.0000,0.1310,1.0000
TRACE,4.560,2.930,0.0000,0.0000,0.1311,1.0000
TRACE,4.600,2.938,0.0000,0.0000,0.1311,1.0000
TRACE,4.640,2.945,0.0000,0.0000,0.1311,1.0000
TRACE,4.680,2.950,0.0000,0.0000,0.1311,1.0000
TRACE,4.720,2.954,0.0000,0.0000,0.1311,1.0000
TRACE,4.760,2.956,0.0000,0.0000,0.1311,1.0000
TRACE,4.800,2.956,0.0000,0.0000,0.1311,1.0000
TRACE,4.840,2.955,0.0000,0.0000,0.1311,1.0000
TRACE,4.880,2.953,0.0000,0.0000,0.1311,1.0000
TRACE,4.920,2.949,0.0000,0.0000,0.1311,1.0000
TRACE,4.960,2.944,0.0000,0.0000,0.1311,1.0000
TRACE,5.000,2.937,0.0005,0.0000,0.1311,1.0000
TRACE,5.040,2.928,0.0000,0.0000,0.1311,1.0000
TRACE,5.080,2.918,0.0000,0.0000,0.1311,1.0000
TRACE,5.120,2.906,0.0000,0.0000,0.1311,1.0000
TRACE,5.160,2.894,0.0000,0.0000,0.1311,1.0000
TRACE,5.200,2.879,0.0000,0.0000,0.1311,1.0000
TRACE,5.240,2.863,0.0000,0.0000,0.1311,1.0000
TRACE,5.280,2.846,0.0000,0.0000,0.1311,1.0000
TRACE,5.320,2.827,0.0000,0.0000,0.1312,1.0000
TRACE,5.360,2.807,0.0000,0.0000,0.1312,1.0000
TRACE,5.400,2.785,0.0000,0.0000,0.1312,1.0000
TRACE,5.440,2.763,0.0000,0.0000,0.1312,1.0000
TRACE,5.480,2.739,0.0000,0.0000,0.1312,1.0000
TRACE,5.520,2.713,0.0000,0.0000,0.1312,1.0000
TRACE,5.560,2.686,0.0000,0.0000,0.1312,1.0000
TRACE,5.600,2.658,0.0000,0.0000,0.1312,1.0000
TRACE,5.640,2.629,0.0000,0.0000,0.1312,1.0000
TRACE,5.680,2.599,0.0000,0.0000,0.1312,1.0000
TRACE,5.720,2.568,0.0000,0.0000,0.1312,1.0000
TRACE,5.760,2.535,0.0000,0.0000,0.1312,1.0000
TRACE,5.800,2.502,0.0000,0.0000,0.1312,1.0000
TRACE,5.840,2.467,0.0000,0.0000,0.1312,1.0000
TRACE,5.880,2.432,0.0000,0.0000,0.1312,1.0000
TRACE,5.920,2.395,0.0000,0.0000,0.1312,1.0000
TRACE,5.960,2.358,0.0000,0.0000,0.1311,1.0000
TRACE,6.000,2.319,0.0000,0.0000,0.1311,1.0000
TRACE,6.040,2.280,0.0000,0.0000,0.1311,1.0000
TRACE,6.080,2.241,0.0000,0.0000,0.1311,1.0000
TRACE,6.120,2.200,0.0000,0.0000,0.1312,1.0000
TRACE,6.160,2.159,0.0000,0.0000,0.1312,1.0000
TRACE,6.200,2.117,0.0000,0.0000,0.1312,1.0000
TRACE,6.240,2.075,0.0000,0.0000,0.1312,1.0000
TRACE,6.280,2.032,0.0000,0.0000,0.1311,1.0000
TRACE,6.320,1.988,0.0000,0.0059,0.1314,1.0000
TRACE,6.360,1.944,0.0000,0.0278,0.1313,1.0000
TRACE,6.400,1.900,0.0000,0.0499,0.1313,1.0000
TRACE,6.440,1.856,0.0000,0.0722,0.1313,1.0000
TRACE,6.480,1.811,0.0000,0.0946,0.1313,1.0000
TRACE,6.520,1.766,0.0000,0.1172,0.1312,1.0000
TRACE,6.560,1.720,0.0000,0.1398,0.1312,1.0000
TRACE,6.600,1.675,0.0000,0.1625,0.1311,1.0000
TRACE,6.640,1.630,0.0000,0.1852,0.1310,1.0000
TRACE,6.680,1.584,0.0000,0.2080,0.1308,1.0000
TRACE,6.720,1.539,0.0000,0.2307,0.1307,1.0000
TRACE,6.760,1.493,0.0000,0.2534,0.1306,1.0000
TRACE,6.800,1.448,0.0000,0.2760,0.1305,1.0000
TRACE,6.840,1.403,0.0000,0.2986,0.1304,1.0000
TRACE,6.880,1.358,0.0000,0.3210,0.1303,1.0000
TRACE,6.920,1.313,0.0000,0.3433,0.1302,1.0000
TRACE,6.960,1.269,0.0000,0.3654,0.1301,1.0000
TRACE,7.000,1.225,0.0000,0.3873,0.1300,1.0000
TRACE,7.040,1.182,0.0000,0.4091,0.1298,1.0000
TRACE,7.080,1.139,0.0000,0.4305,0.1297,1.0000
TRACE,7.120,1.097,0.0000,0.4517,0.1296,1.0000
TRACE,7.160,1.055,0.0000,0.4726,0.1295,1.0000
TRACE,7.200,1.014,0.0000,0.4932,0.1293,1.0000
TRACE,7.240,0.973,0.0000,0.5135,0.1281,1.0000
TRACE,7.280,0.933,0.0000,0.5334,0.1268,1.0000
TRACE,7.320,0.894,0.0000,0.5529,0.1256,1.0000
TRACE,7.360,0.856,0.0000,0.5720,0.1243,0.3000
TRACE,7.400,0.819,0.0011,0.5907,0.1233,0.3000
TRACE,7.440,0.782,0.0030,0.6089,0.1220,0.3000
TRACE,7.480,0.747,0.0000,0.6267,0.1206,0.3000
TRACE,7.520,0.712,0.0037,0.6440,0.1193,0.3000
TRACE,7.560,0.679,0.0005,0.6607,0.1180,0.3000
TRACE,7.600,0.646,0.0000,0.6770,0.1167,0.3000
TRACE,7.640,0.615,0.0000,0.6927,0.1154,0.3000
TRACE,7.680,0.584,0.0000,0.7078,0.1140,0.3000
TRACE,7.720,0.555,0.0000,0.7223,0.1128,0.3000
TRACE,7.760,0.527,0.0000,0.7363,0.1115,0.3000
TRACE,7.800,0.501,0.0000,0.7496,0.1100,0.3000
TRACE,7.840,0.475,0.0000,0.7623,0.1084,0.3000
TRACE,7.880,0.451,0.0000,0.7744,0.1066,0.3000
TRACE,7.920,0.428,0.0000,0.7858,0.1047,0.3000
TRACE,7.960,0.407,0.0000,0.7965,0.1024,0.3000
TRACE,8.000,0.387,0.0000,0.8066,0.0999,0.3000
TRACE,8.040,0.368,0.0000,0.8159,0.0996,0.3000
TRACE,8.080,0.351,0.0000,0.8246,0.0993,0.3000
TRACE,8.120,0.335,0.0000,0.8325,0.0991,0.3000
TRACE,8.160,0.321,0.0000,0.8397,0.0992,0.3000
TRACE,8.200,0.308,0.0000,0.8462,0.0993,0.3000
TRACE,8.240,0.296,0.0000,0.8520,0.0994,0.3000
TRACE,8.280,0.286,0.0000,0.8570,0.0991,0.3000
TRACE,8.320,0.278,0.0000,0.8612,0.0988,0.3000
TRACE,8.360,0.271,0.0000,0.8647,0.0990,0.3000
TRACE,8.400,0.265,0.0000,0.8674,0.0987,0.3000
TRACE,8.440,0.261,0.0000,0.8694,0.0990,0.3000
TRACE,8.480,0.259,0.0000,0.8706,0.0987,0.3000
TRACE,8.520,0.258,0.0000,0.8710,0.0988,0.3000
TRACE,8.560,0.259,0.0000,0.8707,0.0989,0.3000
TRACE,8.600,0.261,0.0000,0.8696,0.0987,0.3000
TRACE,8.640,0.265,0.0000,0.8677,0.0990,0.3000
TRACE,8.680,0.270,0.0035,0.8651,0.0988,0.3000
TRACE,8.720,0.277,0.0000,0.8617,0.0990,0.3000
TRACE,8.760,0.285,0.0000,0.8576,0.0991,0.3000
TRACE,8.800,0.295,0.0000,0.8527,0.0991,0.3000
TRACE,8.840,0.306,0.0000,0.8470,0.0992,0.3000
TRACE,8.880,0.319,0.0008,0.8407,0.0992,0.3000
TRACE,8.920,0.333,0.0000,0.8336,0.0992,0.3000
TRACE,8.960,0.349,0.0000,0.8257,0.0993,0.3000
TRACE,9.000,0.366,0.0000,0.8172,0.0994,0.3000
TRACE,9.040,0.384,0.0000,0.8079,0.0994,0.3000
TRACE,9.080,0.404,0.0000,0.7979,0.0995,0.3000
TRACE,9.120,0.425,0.0000,0.7873,0.0996,0.3000
TRACE,9.160,0.448,0.0015,0.7760,0.0997,0.3000
TRACE,9.200,0.472,0.0000,0.7640,0.0998,0.3000
TRACE,9.240,0.497,0.0011,0.7514,0.0999,0.3000
TRACE,9.280,0.524,0.0000,0.7382,0.0999,0.3000
TRACE,9.320,0.551,0.0000,0.7243,0.1000,0.3000
TRACE,9.360,0.580,0.0000,0.7098,0.1001,0.3000
TRACE,9.400,0.610,0.0000,0.6948,0.1002,0.3000
TRACE,9.440,0.642,0.0017,0.6792,0.1003,0.3000
TRACE,9.480,0.674,0.0000,0.6630,0.1004,0.3000
TRACE,9.520,0.707,0.0000,0.6463,0.1005,0.3000
TRACE,9.560,0.742,0.0000,0.6291,0.1006,0.3000
TRACE,9.600,0.777,0.0000,0.6114,0.1007,0.3000
TRACE,9.640,0.814,0.0000,0.5932,0.1008,0.3000
TRACE,9.680,0.851,0.0000,0.5746,0.1009,0.3000
TRACE,9.720,0.889,0.0000,0.5556,0.1010,0.3000
TRACE,9.760,0.928,0.0000,0.5361,0.1011,0.3000
TRACE,9.800,0.967,0.0000,0.5163,0.1012,0.3000
TRACE,9.840,1.008,0.0000,0.4960,0.1023,0.3000
TRACE,9.880,1.049,0.0000,0.4755,0.1035,0.3000
TRACE,9.920,1.091,0.0000,0.4546,0.1045,0.3000
TRACE,9.960,1.133,0.0000,0.4335,0.1055,0.3000
TRACE,10.000,1.176,0.0000,0.4120,0.1065,0.3000
TRACE,10.040,1.219,0.0000,0.3904,0.1075,0.3000
TRACE,10.080,1.263,0.0000,0.3685,0.1084,0.3000
TRACE,10.120,1.307,0.0000,0.3464,0.1092,0.3000
TRACE,10.160,1.352,0.0000,0.3241,0.1100,0.3000
TRACE,10.200,1.397,0.0000,0.3017,0.1108,0.3000
TRACE,10.240,1.442,0.0000,0.2792,0.1116,0.3000
TRACE,10.280,1.487,0.0000,0.2565,0.1124,0.3000
TRACE,10.320,1.532,0.0000,0.2339,0.1131,0.3000
TRACE,10.360,1.578,0.0000,0.2111,0.1138,0.3000
TRACE,10.400,1.623,0.0000,0.1884,0.1145,0.3000
TRACE,10.440,1.669,0.0000,0.1656,0.1151,0.3000
TRACE,10.480,1.714,0.0000,0.1429,0.1158,0.3000
TRACE,10.520,1.759,0.0000,0.1203,0.1164,0.3000
TRACE,10.560,1.805,0.0000,0.0977,0.1170,0.3000
TRACE,10.600,1.849,0.0000,0.0753,0.1176,0.3000
TRACE,10.640,1.894,0.0000,0.0530,0.1182,0.3000
TRACE,10.680,1.938,0.0000,0.0308,0.1188,0.3000
TRACE,10.720,1.982,0.0000,0.0089,0.1194,0.3000
TRACE,10.760,2.026,0.0000,0.0000,0.1198,0.3000
TRACE,10.800,2.069,0.0000,0.0000,0.1201,0.3000
TRACE,10.840,2.111,0.0000,0.0000,0.1205,0.3000
TRACE,10.880,2.153,0.0000,0.0000,0.1209,0.3000
TRACE,10.920,2.194,0.0000,0.0000,0.1213,0.3000
TRACE,10.960,2.235,0.0012,0.0000,0.1218,0.3000
TRACE,11.000,2.275,0.0000,0.0000,0.1222,0.3000
TRACE,11.040,2.314,0.0000,0.0000,0.1226,0.3000
TRACE,11.080,2.352,0.0000,0.0000,0.1231,0.3000
TRACE,11.120,2.390,0.0000,0.0000,0.1235,0.3000
TRACE,11.160,2.427,0.0000,0.0000,0.1240,0.3000
TRACE,11.200,2.462,0.0008,0.0000,0.1244,0.3000
TRACE,11.240,2.497,0.0000,0.0000,0.1249,0.3000
TRACE,11.280,2.531,0.0000,0.0000,0.1253,1.0000
TRACE,11.320,2.563,0.0011,0.0000,0.1259,1.0000
TRACE,11.360,2.595,0.0000,0.0000,0.1262,1.0000
TRACE,11.400,2.625,0.0000,0.0000,0.1266,1.0000
TRACE,11.440,2.655,0.0000,0.0000,0.1271,1.0000
TRACE,11.480,2.683,0.0030,0.0000,0.1275,1.0000
TRACE,11.520,2.709,0.0000,0.0000,0.1280,1.0000
TRACE,11.560,2.735,0.0000,0.0000,0.1285,1.0000
TRACE,11.600,2.759,0.0016,0.0000,0.1289,1.0000
TRACE,11.640,2.782,0.0005,0.0000,0.1293,1.0000
TRACE,11.680,2.804,0.0000,0.0000,0.1298,1.0000
TRACE,11.720,2.824,0.0000,0.0000,0.1302,1.0000
TRACE,11.760,2.843,0.0000,0.0000,0.1307,1.0000
TRACE,11.800,2.861,0.0000,0.0000,0.1311,1.0000
TRACE,11.840,2.877,0.0000,0.0000,0.1311,1.0000
TRACE,11.880,2.892,0.0000,0.0000,0.1311,1.0000
TRACE,11.920,2.905,0.0000,0.0000,0.1311,1.0000
TRACE,11.960,2.917,0.0000,0.0000,0.1311,1.0000
TRACE,12.000,2.927,0.0000,0.0000,0.1311,1.0000
TRACE,12.040,2.935,0.0000,0.0000,0.1311,1.0000
TRACE,12.080,2.943,0.0000,0.0000,0.1311,1.0000
TRACE,12.120,2.948,0.0000,0.0000,0.1311,1.0000
TRACE,12.160,2.953,0.0000,0.0000,0.1311,1.0000
TRACE,12.200,2.955,0.0000,0.0000,0.1311,1.0000
TRACE,12.240,2.956,0.0000,0.0000,0.1311,1.0000
TRACE,12.280,2.956,0.0000,0.0000,0.1311,1.0000
TRACE,12.320,2.954,0.0000,0.0000,0.1311,1.0000
TRACE,12.360,2.950,0.0000,0.0000,0.1311,1.0000
TRACE,12.400,2.945,0.0000,0.0000,0.1311,1.0000
TRACE,12.440,2.939,0.0000,0.0000,0.1311,1.0000
TRACE,12.480,2.931,0.0005,0.0000,0.1311,1.0000
TRACE,12.520,2.921,0.0000,0.0000,0.1311,1.0000
TRACE,12.560,2.910,0.0000,0.0000,0.1311,1.0000
TRACE,12.600,2.898,0.0000,0.0000,0.1311,1.0000
TRACE,12.640,2.884,0.0000,0.0000,0.1311,1.0000
TRACE,12.680,2.868,0.0000,0.0000,0.1311,1.0000
TRACE,12.720,2.851,0.0000,0.0000,0.1311,1.0000
TRACE,12.760,2.833,0.0000,0.0000,0.1311,1.0000
TRACE,12.800,2.813,0.0000,0.0000,0.1311,1.0000
TRACE,12.840,2.792,0.0000,0.0000,0.1311,1.0000
TRACE,12.880,2.770,0.0000,0.0000,0.1311,1.0000
TRACE,12.920,2.746,0.0000,0.0000,0.1311,1.0000
TRACE,12.960,2.721,0.0000,0.0000,0.1311,1.0000
TRACE,13.000,2.695,0.0000,0.0000,0.1311,1.0000
TRACE,13.040,2.667,0.0000,0.0000,0.1311,1.0000
TRACE,13.080,2.638,0.0019,0.0000,0.1311,1.0000
TRACE,13.120,2.608,0.0000,0.0000,0.1311,1.0000
TRACE,13.160,2.577,0.0000,0.0000,0.1311,1.0000
TRACE,13.200,2.545,0.0000,0.0000,0.1311,1.0000
TRACE,13.240,2.512,0.0000,0.0000,0.1311,1.0000
TRACE,13.280,2.478,0.0000,0.0000,0.1311,1.0000
TRACE,13.320,2.443,0.0000,0.0000,0.1311,1.0000
TRACE,13.360,2.406,0.0000,0.0000,0.1311,1.0000
TRACE,13.400,2.369,0.0000,0.0000,0.1311,1.0000
TRACE,13.440,2.331,0.0000,0.0000,0.1311,1.0000
TRACE,13.480,2.292,0.0000,0.0000,0.1311,1.0000
TRACE,13.520,2.253,0.0000,0.0000,0.1315,1.0000
TRACE,13.560,2.213,0.0000,0.0000,0.1312,1.0000
TRACE,13.600,2.172,0.0000,0.0000,0.1312,1.0000
TRACE,13.640,2.130,0.0000,0.0000,0.1312,1.0000
TRACE,13.680,2.088,0.0000,0.0000,0.1312,1.0000
TRACE,13.720,2.045,0.0000,0.0000,0.1312,1.0000
TRACE,13.760,2.002,0.0000,0.0000,0.1313,1.0000
TRACE,13.800,1.958,0.0000,0.0211,0.1313,1.0000
TRACE,13.840,1.914,0.0000,0.0431,0.1314,1.0000
TRACE,13.880,1.869,0.0000,0.0654,0.1313,1.0000
TRACE,13.920,1.825,0.0000,0.0877,0.1313,1.0000
TRACE,13.960,1.779,0.0000,0.1103,0.1312,1.0000
TRACE,14.000,1.734,0.0000,0.1329,0.1311,1.0000
TRACE,14.040,1.689,0.0000,0.1556,0.1310,1.0000
TRACE,14.080,1.643,0.0000,0.1783,0.1310,1.0000
TRACE,14.120,1.598,0.0000,0.2010,0.1309,1.0000
TRACE,14.160,1.552,0.0000,0.2238,0.1308,1.0000
TRACE,14.200,1.507,0.0000,0.2465,0.1307,1.0000
TRACE,14.240,1.462,0.0000,0.2691,0.1306,1.0000
TRACE,14.280,1.417,0.0000,0.2917,0.1305,1.0000
TRACE,14.320,1.372,0.0000,0.3142,0.1303,1.0000
TRACE,14.360,1.327,0.0000,0.3365,0.1302,1.0000
TRACE,14.400,1.283,0.0000,0.3587,0.1301,1.0000
TRACE,14.440,1.239,0.0000,0.3807,0.1300,1.0000
TRACE,14.480,1.195,0.0000,0.4024,0.1299,1.0000
TRACE,14.520,1.152,0.0000,0.4240,0.1298,1.0000
TRACE,14.560,1.109,0.0000,0.4453,0.1296,1.0000
TRACE,14.600,1.067,0.0000,0.4663,0.1295,1.0000
TRACE,14.640,1.026,0.0000,0.4870,0.1294,1.0000
TRACE,14.680,0.985,0.0000,0.5073,0.1281,1.0000
TRACE,14.720,0.945,0.0000,0.5273,0.1269,1.0000
TRACE,14.760,0.906,0.0000,0.5470,0.1256,1.0000
TRACE,14.800,0.868,0.0000,0.5662,0.1243,0.3000
TRACE,14.840,0.830,0.0011,0.5850,0.1233,0.3000
TRACE,14.880,0.793,0.0000,0.6034,0.1220,0.3000
TRACE,14.920,0.757,0.0000,0.6213,0.1207,0.3000
TRACE,14.960,0.723,0.0016,0.6387,0.1194,0.3000
TRACE,15.000,0.689,0.0030,0.6557,0.1180,0.3000
TRACE,15.040,0.656,0.0005,0.6721,0.1167,0.3000
TRACE,15.080,0.624,0.0005,0.6879,0.1154,0.3000
TRACE,15.120,0.594,0.0017,0.7032,0.1141,0.3000
TRACE,15.160,0.564,0.0000,0.7179,0.1129,0.3000
TRACE,15.200,0.536,0.0000,0.7321,0.1115,0.3000
TRACE,15.240,0.509,0.0000,0.7456,0.1101,0.3000
TRACE,15.280,0.483,0.0000,0.7585,0.1085,0.3000
TRACE,15.320,0.458,0.0000,0.7708,0.1067,0.3000
TRACE,15.360,0.435,0.0005,0.7824,0.1047,0.3000
TRACE,15.400,0.413,0.0000,0.7933,0.1024,0.3000
TRACE,15.440,0.393,0.0000,0.8036,0.0999,0.3000
TRACE,15.480,0.374,0.0000,0.8131,0.0996,0.3000
TRACE,15.520,0.356,0.0007,0.8220,0.0993,0.3000
TRACE,15.560,0.340,0.0000,0.8302,0.0994,0.3000
TRACE,15.600,0.325,0.0000,0.8376,0.0995,0.3000
TRACE,15.640,0.311,0.0000,0.8443,0.0992,0.3000
TRACE,15.680,0.299,0.0000,0.8503,0.0989,0.3000
TRACE,15.720,0.289,0.0000,0.8555,0.0991,0.3000
TRACE,15.760,0.280,0.0000,0.8600,0.0992,0.3000
TRACE,15.800,0.273,0.0000,0.8637,0.0989,0.3000
TRACE,15.840,0.267,0.0000,0.8667,0.0987,0.3000
TRACE,15.880,0.262,0.0000,0.8689,0.0989,0.3000
TRACE,15.920,0.259,0.0017,0.8703,0.0987,0.3000
TRACE,15.960,0.258,0.0000,0.8710,0.0987,0.3000
TRACE,16.000,0.258,0.0000,0.8709,0.0988,0.3000
TRACE,16.040,0.260,0.0000,0.8700,0.0987,0.3000
TRACE,16.080,0.263,0.0000,0.8684,0.0989,0.3000
TRACE,16.120,0.268,0.0000,0.8660,0.0988,0.3000
TRACE,16.160,0.274,0.0000,0.8628,0.0989,0.3000
TRACE,16.200,0.282,0.0000,0.8589,0.0991,0.3000
TRACE,16.240,0.291,0.0000,0.8543,0.0991,0.3000
TRACE,16.280,0.302,0.0000,0.8489,0.0991,0.3000
TRACE,16.320,0.315,0.0000,0.8427,0.0992,0.3000
TRACE,16.360,0.328,0.0000,0.8358,0.0992,0.3000
TRACE,16.400,0.344,0.0000,0.8282,0.0993,0.3000
TRACE,16.440,0.360,0.0000,0.8198,0.0994,0.3000
TRACE,16.480,0.378,0.0000,0.8108,0.0994,0.3000
TRACE,16.520,0.398,0.0000,0.8011,0.0995,0.3000
TRACE,16.560,0.419,0.0000,0.7906,0.0996,0.3000
TRACE,16.600,0.441,0.0000,0.7795,0.0997,0.3000
TRACE,16.640,0.465,0.0000,0.7677,0.0997,0.3000
TRACE,16.680,0.489,0.0000,0.7553,0.0998,0.3000
TRACE,16.720,0.515,0.0000,0.7423,0.0999,0.3000
TRACE,16.760,0.543,0.0000,0.7286,0.1000,0.3000
TRACE,16.800,0.571,0.0000,0.7143,0.1001,0.3000
TRACE,16.840,0.601,0.0000,0.6994,0.1002,0.3000
TRACE,16.880,0.632,0.0000,0.6840,0.1003,0.3000
TRACE,16.920,0.664,0.0000,0.6680,0.1004,0.3000
TRACE,16.960,0.697,0.0000,0.6515,0.1005,0.3000
TRACE,17.000,0.731,0.0000,0.6344,0.1006,0.3000
TRACE,17.040,0.766,0.0000,0.6169,0.1007,0.3000
TRACE,17.080,0.802,0.0000,0.5988,0.1008,0.3000
TRACE,17.120,0.839,0.0000,0.5803,0.1009,0.3000
TRACE,17.160,0.877,0.0000,0.5614,0.1010,0.3000
TRACE,17.200,0.916,0.0000,0.5421,0.1011,0.3000
TRACE,17.240,0.955,0.0000,0.5224,0.1011,0.3000
TRACE,17.280,0.995,0.0000,0.5023,0.1012,0.3000
TRACE,17.320,1.036,0.0000,0.4818,0.1024,0.3000
TRACE,17.360,1.078,0.0000,0.4610,0.1035,0.3000
TRACE,17.400,1.120,0.0000,0.4400,0.1046,0.3000
TRACE,17.440,1.163,0.0000,0.4186,0.1056,0.3000
TRACE,17.480,1.206,0.0007,0.3970,0.1066,0.3000
TRACE,17.520,1.250,0.0000,0.3752,0.1075,0.3000
TRACE,17.560,1.294,0.0000,0.3531,0.1084,0.3000
TRACE,17.600,1.338,0.0000,0.3309,0.1093,0.3000
TRACE,17.640,1.383,0.0000,0.3086,0.1101,0.3000
TRACE,17.680,1.428,0.0000,0.2861,0.1109,0.3000
TRACE,17.720,1.473,0.0000,0.2635,0.1117,0.3000
TRACE,17.760,1.518,0.0000,0.2408,0.1124,0.3000
TRACE,17.800,1.564,0.0000,0.2181,0.1132,0.3000
TRACE,17.840,1.609,0.0000,0.1953,0.1139,0.3000
TRACE,17.880,1.655,0.0005,0.1726,0.1146,0.3000
TRACE,17.920,1.700,0.0000,0.1499,0.1152,0.3000
TRACE,17.960,1.746,0.0005,0.1272,0.1159,0.3000
TRACE,18.000,1.791,0.0005,0.1046,0.1165,0.3000
TRACE,18.040,1.836,0.0000,0.0821,0.1171,0.3000
TRACE,18.080,1.880,0.0000,0.0598,0.1177,0.3000
TRACE,18.120,1.925,0.0000,0.0376,0.1183,0.3000
TRACE,18.160,1.969,0.0000,0.0156,0.1189,0.3000
TRACE,18.200,2.013,0.0000,0.0000,0.1194,0.3000
TRACE,18.240,2.056,0.0000,0.0000,0.1197,0.3000
TRACE,18.280,2.098,0.0000,0.0000,0.1201,0.3000
TRACE,18.320,2.140,0.0000,0.0000,0.1205,0.3000
TRACE,18.360,2.182,0.0000,0.0000,0.1209,0.3000
TRACE,18.400,2.223,0.0021,0.0000,0.1213,0.3000
TRACE,18.440,2.263,0.0000,0.0000,0.1217,0.3000
TRACE,18.480,2.302,0.0000,0.0000,0.1222,0.3000
TRACE,18.520,2.341,0.0000,0.0000,0.1226,0.3000
TRACE,18.560,2.379,0.0000,0.0000,0.1231,0.3000
TRACE,18.600,2.415,0.0000,0.0000,0.1235,0.3000
TRACE,18.640,2.451,0.0005,0.0000,0.1240,0.3000
TRACE,18.680,2.486,0.0005,0.0000,0.1244,0.3000
TRACE,18.720,2.520,0.0000,0.0000,0.1249,0.3000
TRACE,18.760,2.553,0.0000,0.0000,0.1253,1.0000
TRACE,18.800,2.585,0.0005,0.0000,0.1259,1.0000
TRACE,18.840,2.616,0.0030,0.0000,0.1263,1.0000
TRACE,18.880,2.646,0.0000,0.0000,0.1267,1.0000
TRACE,18.920,2.674,0.0000,0.0000,0.1271,1.0000
TRACE,18.960,2.701,0.0000,0.0000,0.1275,1.0000
TRACE,19.000,2.727,0.0000,0.0000,0.1280,1.0000
TRACE,19.040,2.752,0.0000,0.0000,0.1284,1.0000
TRACE,19.080,2.776,0.0000,0.0000,0.1289,1.0000
TRACE,19.120,2.798,0.0016,0.0000,0.1294,1.0000
TRACE,19.160,2.818,0.0005,0.0000,0.1298,1.0000
TRACE,19.200,2.838,0.0000,0.0000,0.1302,1.0000
TRACE,19.240,2.856,0.0000,0.0000,0.1307,1.0000
TRACE,19.280,2.872,0.0000,0.0000,0.1311,1.0000
TRACE,19.320,2.887,0.0012,0.0000,0.1311,1.0000
TRACE,19.360,2.901,0.0000,0.0000,0.1311,1.0000
TRACE,19.400,2.913,0.0000,0.0000,0.1311,1.0000
TRACE,19.440,2.924,0.0000,0.0000,0.1311,1.0000
TRACE,19.480,2.933,0.0000,0.0000,0.1311,1.0000
TRACE,19.520,2.941,0.0000,0.0000,0.1311,1.0000
TRACE,19.560,2.947,0.0000,0.0000,0.1311,1.0000
TRACE,19.600,2.951,0.0000,0.0000,0.1311,1.0000
TRACE,19.640,2.955,0.0005,0.0000,0.1311,1.0000
TRACE,19.680,2.956,0.0000,0.0000,0.1311,1.0000
TRACE,19.720,2.956,0.0000,0.0000,0.1311,1.0000
TRACE,19.760,2.955,0.0000,0.0000,0.1311,1.0000
TRACE,19.800,2.952,0.0000,0.0000,0.1310,1.0000
TRACE,19.840,2.947,0.0016,0.0000,0.1315,1.0000
TRACE,19.880,2.941,0.0000,0.0000,0.1311,1.0000
TRACE,19.920,2.933,0.0000,0.0000,0.1311,1.0000
TRACE,19.960,2.924,0.0000,0.0000,0.1311,1.0000
TRACE,20.000,2.914,0.0000,0.0000,0.1311,1.0000
TRACE,20.040,2.902,0.0000,0.0000,0.1311,1.0000
TRACE,20.080,2.888,0.0000,0.0000,0.1312,1.0000
TRACE,20.120,2.873,0.0000,0.0000,0.1311,1.0000
TRACE,20.160,2.857,0.0000,0.0000,0.1311,1.0000
TRACE,20.200,2.839,0.0000,0.0000,0.1311,1.0000
TRACE,20.240,2.819,0.0000,0.0000,0.1311,1.0000
TRACE,20.280,2.799,0.0005,0.0000,0.1311,1.0000
TRACE,20.320,2.777,0.0000,0.0000,0.1311,1.0000
TRACE,20.360,2.753,0.0000,0.0000,0.1315,1.0000
TRACE,20.400,2.729,0.0000,0.0000,0.1311,1.0000
TRACE,20.440,2.703,0.0000,0.0000,0.1311,1.0000
TRACE,20.480,2.676,0.0000,0.0000,0.1311,1.0000
TRACE,20.520,2.647,0.0000,0.0000,0.1312,1.0000
TRACE,20.560,2.618,0.0000,0.0000,0.1312,1.0000
TRACE,20.600,2.587,0.0000,0.0000,0.1312,1.0000
TRACE,20.640,2.555,0.0000,0.0000,0.1312,1.0000
TRACE,20.680,2.522,0.0000,0.0000,0.1312,1.0000
TRACE,20.720,2.488,0.0000,0.0000,0.1311,1.0000
TRACE,20.760,2.453,0.0000,0.0000,0.1311,1.0000
TRACE,20.800,2.417,0.0007,0.0000,0.1314,1.0000
TRACE,20.840,2.381,0.0000,0.0000,0.1311,1.0000
TRACE,20.880,2.343,0.0000,0.0000,0.1311,1.0000
TRACE,20.920,2.304,0.0000,0.0000,0.1312,1.0000
TRACE,20.960,2.265,0.0000,0.0000,0.1312,1.0000
TRACE,21.000,2.225,0.0000,0.0000,0.1312,1.0000
TRACE,21.040,2.184,0.0000,0.0000,0.1312,1.0000
TRACE,21.080,2.143,0.0000,0.0000,0.1312,1.0000
TRACE,21.120,2.101,0.0000,0.0000,0.1314,1.0000
TRACE,21.160,2.058,0.0000,0.0000,0.1312,1.0000
TRACE,21.200,2.015,0.0000,0.0000,0.1312,1.0000
TRACE,21.240,1.971,0.0000,0.0144,0.1313,1.0000
TRACE,21.280,1.927,0.0000,0.0364,0.1314,1.0000
TRACE,21.320,1.883,0.0000,0.0585,0.1314,1.0000
TRACE,21.360,1.838,0.0000,0.0809,0.1313,1.0000
TRACE,21.400,1.793,0.0000,0.1034,0.1313,1.0000
TRACE,21.440,1.748,0.0000,0.1260,0.1312,1.0000
TRACE,21.480,1.703,0.0000,0.1486,0.1311,1.0000
TRACE,21.520,1.657,0.0000,0.1713,0.1310,1.0000
TRACE,21.560,1.612,0.0000,0.1941,0.1309,1.0000
TRACE,21.600,1.566,0.0000,0.2168,0.1308,1.0000
TRACE,21.640,1.521,0.0000,0.2395,0.1307,1.0000
TRACE,21.680,1.476,0.0000,0.2622,0.1306,1.0000
TRACE,21.720,1.430,0.0000,0.2848,0.1305,1.0000
TRACE,21.760,1.385,0.0000,0.3073,0.1304,1.0000
TRACE,21.800,1.341,0.0000,0.3297,0.1303,1.0000
TRACE,21.840,1.296,0.0000,0.3519,0.1302,1.0000
TRACE,21.880,1.252,0.0000,0.3740,0.1300,1.0000
TRACE,21.920,1.208,0.0000,0.3958,0.1299,1.0000
TRACE,21.960,1.165,0.0000,0.4174,0.1298,1.0000
TRACE,22.000,1.122,0.0000,0.4388,0.1297,1.0000
TRACE,22.040,1.080,0.0000,0.4599,0.1295,1.0000
TRACE,22.080,1.039,0.0000,0.4807,0.1294,1.0000
TRACE,22.120,0.998,0.0000,0.5011,0.1282,1.0000
TRACE,22.160,0.957,0.0000,0.5213,0.1269,1.0000
TRACE,22.200,0.918,0.0000,0.5410,0.1256,1.0000
TRACE,22.240,0.879,0.0000,0.5604,0.1244,0.3000
TRACE,22.280,0.841,0.0021,0.5793,0.1233,0.3000
TRACE,22.320,0.804,0.0000,0.5978,0.1220,0.3000
TRACE,22.360,0.768,0.0000,0.6159,0.1207,0.3000
TRACE,22.400,0.733,0.0028,0.6335,0.1194,0.3000
TRACE,22.440,0.699,0.0000,0.6505,0.1181,0.3000
TRACE,22.480,0.666,0.0000,0.6671,0.1168,0.3000
TRACE,22.520,0.634,0.0000,0.6831,0.1155,0.3000
TRACE,22.560,0.603,0.0000,0.6986,0.1141,0.3000
TRACE,22.600,0.573,0.0000,0.7135,0.1129,0.3000
TRACE,22.640,0.544,0.0030,0.7278,0.1116,0.3000
TRACE,22.680,0.517,0.0000,0.7415,0.1101,0.3000
TRACE,22.720,0.491,0.0005,0.7546,0.1085,0.3000
TRACE,22.760,0.466,0.0000,0.7671,0.1067,0.3000
TRACE,22.800,0.442,0.0000,0.7789,0.1047,0.3000
TRACE,22.840,0.420,0.0000,0.7900,0.1025,0.3000
TRACE,22.880,0.399,0.0005,0.8005,0.1000,0.3000
TRACE,22.920,0.379,0.0005,0.8103,0.0996,0.3000
TRACE,22.960,0.361,0.0005,0.8194,0.0993,0.3000
TRACE,23.000,0.345,0.0000,0.8277,0.0994,0.3000
TRACE,23.040,0.329,0.0000,0.8354,0.0995,0.3000
TRACE,23.080,0.315,0.0005,0.8423,0.0991,0.3000
TRACE,23.120,0.303,0.0000,0.8485,0.0993,0.3000
TRACE,23.160,0.292,0.0000,0.8540,0.0989,0.3000
TRACE,23.200,0.283,0.0000,0.8587,0.0991,0.3000
TRACE,23.240,0.275,0.0000,0.8626,0.0989,0.3000
TRACE,23.280,0.268,0.0000,0.8658,0.0988,0.3000
TRACE,23.320,0.263,0.0000,0.8683,0.0989,0.3000
TRACE,23.360,0.260,0.0000,0.8700,0.0991,0.3000
TRACE,23.400,0.258,0.0000,0.8709,0.0988,0.3000
TRACE,23.440,0.258,0.0000,0.8710,0.0987,0.3000
TRACE,23.480,0.259,0.0000,0.8704,0.0989,0.3000
TRACE,23.520,0.262,0.0000,0.8690,0.0990,0.3000
TRACE,23.560,0.266,0.0000,0.8668,0.0988,0.3000
TRACE,23.600,0.272,0.0000,0.8639,0.0990,0.3000
TRACE,23.640,0.280,0.0000,0.8602,0.0991,0.3000
TRACE,23.680,0.288,0.0000,0.8558,0.0991,0.3000
TRACE,23.720,0.299,0.0000,0.8506,0.0991,0.3000
TRACE,23.760,0.311,0.0000,0.8447,0.0992,0.3000
TRACE,23.800,0.324,0.0000,0.8380,0.0992,0.3000
TRACE,23.840,0.339,0.0000,0.8306,0.0993,0.3000
TRACE,23.880,0.355,0.0000,0.8225,0.0993,0.3000
TRACE,23.920,0.373,0.0000,0.8136,0.0994,0.3000
TRACE,23.960,0.392,0.0000,0.8041,0.0995,0.3000
TRACE,24.000,0.412,0.0000,0.7939,0.0996,0.3000
TRACE,24.040,0.434,0.0006,0.7830,0.0996,0.3000
TRACE,24.080,0.457,0.0000,0.7714,0.0997,0.3000
TRACE,24.120,0.482,0.0000,0.7592,0.0998,0.3000
TRACE,24.160,0.507,0.0000,0.7463,0.0999,0.3000
TRACE,24.200,0.534,0.0000,0.7328,0.1000,0.3000
TRACE,24.240,0.563,0.0000,0.7187,0.1001,0.3000
TRACE,24.280,0.592,0.0000,0.7040,0.1002,0.3000
TRACE,24.320,0.622,0.0000,0.6888,0.1003,0.3000
TRACE,24.360,0.654,0.0000,0.6729,0.1004,0.3000
TRACE,24.400,0.687,0.0000,0.6566,0.1004,0.3000
TRACE,24.440,0.721,0.0000,0.6397,0.1005,0.3000
TRACE,24.480,0.755,0.0000,0.6223,0.1006,0.3000
TRACE,24.520,0.791,0.0000,0.6044,0.1007,0.3000
TRACE,24.560,0.828,0.0013,0.5860,0.1008,0.3000
TRACE,24.600,0.865,0.0000,0.5673,0.1009,0.3000
TRACE,24.640,0.904,0.0000,0.5480,0.1010,0.3000
TRACE,24.680,0.943,0.0000,0.5284,0.1011,0.3000
TRACE,24.720,0.983,0.0000,0.5084,0.1012,0.3000
TRACE,24.760,1.024,0.0000,0.4881,0.1024,0.3000
TRACE,24.800,1.065,0.0000,0.4674,0.1035,0.3000
TRACE,24.840,1.107,0.0000,0.4464,0.1046,0.3000
TRACE,24.880,1.150,0.0000,0.4252,0.1056,0.3000
TRACE,24.920,1.193,0.0000,0.4036,0.1066,0.3000
TRACE,24.960,1.236,0.0000,0.3819,0.1075,0.3000
TRACE,25.000,1.280,0.0000,0.3599,0.1084,0.3000
TRACE,25.040,1.325,0.0000,0.3377,0.1093,0.3000
TRACE,25.080,1.369,0.0000,0.3154,0.1101,0.3000
TRACE,25.120,1.414,0.0000,0.2929,0.1109,0.3000
TRACE,25.160,1.459,0.0000,0.2704,0.1117,0.3000
TRACE,25.200,1.505,0.0000,0.2477,0.1124,0.3000
TRACE,25.240,1.550,0.0000,0.2250,0.1131,0.3000
TRACE,25.280,1.595,0.0000,0.2023,0.1138,0.3000
TRACE,25.320,1.641,0.0012,0.1795,0.1145,0.3000
TRACE,25.360,1.686,0.0000,0.1568,0.1152,0.3000
TRACE,25.400,1.732,0.0000,0.1341,0.1158,0.3000
TRACE,25.440,1.777,0.0000,0.1115,0.1165,0.3000
TRACE,25.480,1.822,0.0000,0.0890,0.1171,0.3000
TRACE,25.520,1.867,0.0000,0.0666,0.1177,0.3000
TRACE,25.560,1.911,0.0000,0.0443,0.1183,0.3000
TRACE,25.600,1.955,0.0000,0.0223,0.1189,0.3000
TRACE,25.640,1.999,0.0000,0.0004,0.1194,0.3000
TRACE,25.680,2.043,0.0000,0.0000,0.1197,0.3000
TRACE,25.720,2.085,0.0000,0.0000,0.1201,0.3000
TRACE,25.760,2.128,0.0000,0.0000,0.1205,0.3000
TRACE,25.800,2.169,0.0000,0.0000,0.1209,0.3000
TRACE,25.840,2.210,0.0000,0.0000,0.1213,0.3000
TRACE,25.880,2.251,0.0000,0.0000,0.1218,0.3000
TRACE,25.920,2.290,0.0000,0.0000,0.1222,0.3000
TRACE,25.960,2.329,0.0000,0.0000,0.1226,0.3000
TRACE,26.000,2.367,0.0000,0.0000,0.1231,0.3000
TRACE,26.040,2.404,0.0000,0.0000,0.1235,0.3000
TRACE,26.080,2.441,0.0000,0.0000,0.1240,0.3000
TRACE,26.120,2.476,0.0000,0.0000,0.1244,0.3000
TRACE,26.160,2.510,0.0000,0.0000,0.1249,0.3000
TRACE,26.200,2.543,0.0000,0.0000,0.1253,1.0000
TRACE,26.240,2.576,0.0047,0.0000,0.1260,1.0000
TRACE,26.280,2.607,0.0000,0.0000,0.1263,1.0000
TRACE,26.320,2.637,0.0000,0.0000,0.1267,1.0000
TRACE,26.360,2.666,0.0000,0.0000,0.1271,1.0000
TRACE,26.400,2.693,0.0000,0.0000,0.1275,1.0000
TRACE,26.440,2.720,0.0000,0.0000,0.1280,1.0000
TRACE,26.480,2.745,0.0000,0.0000,0.1284,1.0000
TRACE,26.520,2.769,0.0016,0.0000,0.1289,1.0000
TRACE,26.560,2.791,0.0016,0.0000,0.1294,1.0000
TRACE,26.600,2.812,0.0000,0.0000,0.1298,1.0000
TRACE,26.640,2.832,0.0000,0.0000,0.1302,1.0000
TRACE,26.680,2.850,0.0000,0.0000,0.1307,1.0000
TRACE,26.720,2.867,0.0000,0.0000,0.1311,1.0000
TRACE,26.760,2.883,0.0005,0.0000,0.1311,1.0000
TRACE,26.800,2.897,0.0000,0.0000,0.1311,1.0000
TRACE,26.840,2.910,0.0000,0.0000,0.1311,1.0000
TRACE,26.880,2.921,0.0000,0.0000,0.1311,1.0000
TRACE,26.920,2.930,0.0005,0.0000,0.1311,1.0000
TRACE,26.960,2.938,0.0005,0.0000,0.1311,1.0000
TRACE,27.000,2.945,0.0000,0.0000,0.1311,1.0000
TRACE,27.040,2.950,0.0000,0.0000,0.1311,1.0000
TRACE,27.080,2.954,0.0000,0.0000,0.1311,1.0000
TRACE,27.120,2.956,0.0000,0.0000,0.1311,1.0000
TRACE,27.160,2.956,0.0000,0.0000,0.1315,1.0000
TRACE,27.200,2.955,0.0000,0.0000,0.1311,1.0000
TRACE,27.240,2.953,0.0000,0.0000,0.1311,1.0000
TRACE,27.280,2.949,0.0000,0.0000,0.1311,1.0000
TRACE,27.320,2.943,0.0000,0.0000,0.1311,1.0000
TRACE,27.360,2.936,0.0000,0.0000,0.1311,1.0000
TRACE,27.400,2.927,0.0000,0.0000,0.1312,1.0000
TRACE,27.440,2.917,0.0000,0.0000,0.1311,1.0000
TRACE,27.480,2.905,0.0000,0.0000,0.1311,1.0000
TRACE,27.520,2.892,0.0000,0.0000,0.1315,1.0000
TRACE,27.560,2.878,0.0000,0.0000,0.1311,1.0000
TRACE,27.600,2.862,0.0000,0.0000,0.1311,1.0000
TRACE,27.640,2.844,0.0000,0.0000,0.1311,1.0000
TRACE,27.680,2.825,0.0000,0.0000,0.1311,1.0000
TRACE,27.720,2.805,0.0000,0.0000,0.1312,1.0000
TRACE,27.760,2.784,0.0000,0.0000,0.1312,1.0000
TRACE,27.800,2.761,0.0000,0.0000,0.1312,1.0000
TRACE,27.840,2.736,0.0000,0.0000,0.1311,1.0000
TRACE,27.880,2.711,0.0000,0.0000,0.1315,1.0000
TRACE,27.920,2.684,0.0006,0.0000,0.1311,1.0000
TRACE,27.960,2.656,0.0000,0.0000,0.1311,1.0000
TRACE,28.000,2.627,0.0044,0.0000,0.1333,1.0000
TRACE,28.040,2.597,0.0067,0.0000,0.1348,1.0000
TRACE,28.080,2.565,0.0061,0.0000,0.1331,1.0000
TRACE,28.120,2.532,0.0032,0.0000,0.1317,1.0000
TRACE,28.160,2.499,0.0042,0.0000,0.1310,1.0000
TRACE,28.200,2.464,0.0030,0.0000,0.1315,1.0000
TRACE,28.240,2.429,0.0020,0.0000,0.1318,1.0000
TRACE,28.280,2.392,0.0030,0.0000,0.1319,1.0000
TRACE,28.320,2.355,0.0005,0.0000,0.1319,1.0000
TRACE,28.360,2.316,0.0038,0.0000,0.1319,1.0000
TRACE,28.400,2.277,0.0000,0.0000,0.1318,1.0000
TRACE,28.440,2.237,0.0000,0.0000,0.1318,1.0000
TRACE,28.480,2.197,0.0033,0.0000,0.1317,1.0000
TRACE,28.520,2.155,0.0015,0.0000,0.1317,1.0000
TRACE,28.560,2.114,0.0014,0.0000,0.1316,1.0000
TRACE,28.600,2.071,0.0005,0.0000,0.1316,1.0000
TRACE,28.640,2.028,0.0005,0.0000,0.1315,1.0000
TRACE,28.680,1.985,0.0005,0.0077,0.1315,1.0000
TRACE,28.720,1.941,0.0000,0.0296,0.1315,1.0000
TRACE,28.760,1.897,0.0000,0.0517,0.1315,1.0000
TRACE,28.800,1.852,0.0029,0.0740,0.1315,1.0000
TRACE,28.840,1.807,0.0005,0.0965,0.1313,1.0000
TRACE,28.880,1.762,0.0000,0.1190,0.1313,1.0000
TRACE,28.920,1.717,0.0000,0.1417,0.1312,1.0000
TRACE,28.960,1.671,0.0000,0.1644,0.1311,1.0000
TRACE,29.000,1.626,0.0005,0.1871,0.1310,1.0000
TRACE,29.040,1.580,0.0005,0.2099,0.1309,1.0000
TRACE,29.080,1.535,0.0000,0.2326,0.1308,1.0000
TRACE,29.120,1.489,0.0005,0.2553,0.1307,1.0000
TRACE,29.160,1.444,0.0005,0.2779,0.1306,1.0000
TRACE,29.200,1.399,0.0000,0.3005,0.1304,1.0000
TRACE,29.240,1.354,0.0000,0.3229,0.1303,1.0000
TRACE,29.280,1.310,0.0000,0.3451,0.1302,1.0000
TRACE,29.320,1.266,0.0005,0.3672,0.1301,1.0000
TRACE,29.360,1.222,0.0000,0.3892,0.1300,1.0000
TRACE,29.400,1.178,0.0000,0.4108,0.1298,1.0000
TRACE,29.440,1.135,0.0000,0.4323,0.1297,1.0000
TRACE,29.480,1.093,0.0000,0.4535,0.1296,1.0000
TRACE,29.520,1.051,0.0005,0.4744,0.1295,1.0000
TRACE,29.560,1.010,0.0000,0.4949,0.1293,1.0000
TRACE,29.600,0.970,0.0000,0.5152,0.1281,1.0000
TRACE,29.640,0.930,0.0000,0.5350,0.1268,1.0000
TRACE,29.680,0.891,0.0000,0.5545,0.1255,1.0000
TRACE,29.720,0.853,0.0000,0.5736,0.1243,0.3000
TRACE,29.760,0.816,0.0027,0.5922,0.1233,0.3000
TRACE,29.800,0.779,0.0000,0.6104,0.1220,0.3000
TRACE,29.840,0.744,0.0011,0.6281,0.1206,0.3000
TRACE,29.880,0.709,0.0000,0.6454,0.1193,0.3000
TRACE,29.920,0.676,0.0005,0.6621,0.1180,0.3000
TRACE,29.960,0.643,0.0000,0.6783,0.1167,0.3000
TRACE,30.000,0.612,0.0000,0.6939,0.1154,0.3000
TRACE,30.040,0.582,0.0000,0.7090,0.1142,0.3000
TRACE,30.080,0.553,0.0000,0.7235,0.1130,0.3000
TRACE,30.120,0.525,0.0000,0.7374,0.1116,0.3000
TRACE,30.160,0.499,0.0005,0.7507,0.1101,0.3000
TRACE,30.200,0.473,0.0005,0.7633,0.1085,0.3000
TRACE,30.240,0.449,0.0014,0.7753,0.1067,0.3000
TRACE,30.280,0.427,0.0005,0.7867,0.1047,0.3000
TRACE,30.320,0.405,0.0023,0.7974,0.1025,0.3000
TRACE,30.360,0.385,0.0000,0.8074,0.0996,0.3000
TRACE,30.400,0.367,0.0000,0.8167,0.0997,0.3000
TRACE,30.440,0.349,0.0005,0.8253,0.0993,0.3000
TRACE,30.480,0.334,0.0005,0.8331,0.0994,0.3000
TRACE,30.520,0.319,0.0000,0.8403,0.0991,0.3000
TRACE,30.560,0.307,0.0000,0.8467,0.0993,0.3000
TRACE,30.600,0.295,0.0000,0.8524,0.0989,0.3000
TRACE,30.640,0.285,0.0000,0.8573,0.0991,0.3000
TRACE,30.680,0.277,0.0000,0.8615,0.0988,0.3000
TRACE,30.720,0.270,0.0000,0.8649,0.0990,0.3000
TRACE,30.760,0.265,0.0000,0.8676,0.0988,0.3000
TRACE,30.800,0.261,0.0000,0.8695,0.0987,0.3000
TRACE,30.840,0.259,0.0000,0.8707,0.0989,0.3000
TRACE,30.880,0.258,0.0005,0.8710,0.0987,0.3000
TRACE,30.920,0.259,0.0000,0.8706,0.0988,0.3000
TRACE,30.960,0.261,0.0000,0.8695,0.0988,0.3000
TRACE,31.000,0.265,0.0005,0.8676,0.0988,0.3000
TRACE,31.040,0.270,0.0009,0.8649,0.0990,0.3000
TRACE,31.080,0.277,0.0000,0.8614,0.0991,0.3000
TRACE,31.120,0.286,0.0000,0.8572,0.0990,0.3000
TRACE,31.160,0.296,0.0000,0.8522,0.0990,0.3000
TRACE,31.200,0.307,0.0000,0.8465,0.0991,0.3000
TRACE,31.240,0.320,0.0000,0.8401,0.0992,0.3000
TRACE,31.280,0.334,0.0000,0.8329,0.0992,0.3000
TRACE,31.320,0.350,0.0000,0.8250,0.0993,0.3000
TRACE,31.360,0.367,0.0000,0.8164,0.0994,0.3000
TRACE,31.400,0.386,0.0000,0.8071,0.0994,0.3000
TRACE,31.440,0.406,0.0000,0.7971,0.0995,0.3000
TRACE,31.480,0.427,0.0000,0.7864,0.0996,0.3000
TRACE,31.520,0.450,0.0000,0.7750,0.0997,0.3000
TRACE,31.560,0.474,0.0000,0.7630,0.0998,0.3000
TRACE,31.600,0.499,0.0000,0.7503,0.0999,0.3000
TRACE,31.640,0.526,0.0000,0.7370,0.1000,0.3000
TRACE,31.680,0.554,0.0000,0.7231,0.1000,0.3000
TRACE,31.720,0.583,0.0005,0.7086,0.1001,0.3000
TRACE,31.760,0.613,0.0000,0.6935,0.1002,0.3000
TRACE,31.800,0.644,0.0000,0.6778,0.1003,0.3000
TRACE,31.840,0.677,0.0000,0.6616,0.1004,0.3000
TRACE,31.880,0.710,0.0000,0.6449,0.1005,0.3000
TRACE,31.920,0.745,0.0000,0.6276,0.1006,0.3000
TRACE,31.960,0.780,0.0000,0.6099,0.1007,0.3000
TRACE,32.000,0.817,0.0000,0.5917,0.1008,0.3000
TRACE,32.040,0.854,0.0000,0.5730,0.1009,0.3000
TRACE,32.080,0.892,0.0000,0.5540,0.1010,0.3000
TRACE,32.120,0.931,0.0000,0.5345,0.1011,0.3000
TRACE,32.160,0.971,0.0005,0.5146,0.1012,0.3000
TRACE,32.200,1.011,0.0000,0.4943,0.1024,0.3000
TRACE,32.240,1.052,0.0000,0.4738,0.1035,0.3000
TRACE,32.280,1.094,0.0018,0.4529,0.1045,0.3000
TRACE,32.320,1.137,0.0000,0.4317,0.1056,0.3000
TRACE,32.360,1.180,0.0000,0.4102,0.1065,0.3000
TRACE,32.400,1.223,0.0000,0.3885,0.1075,0.3000
TRACE,32.440,1.267,0.0000,0.3666,0.1084,0.3000
TRACE,32.480,1.311,0.0000,0.3445,0.1092,0.3000
TRACE,32.520,1.356,0.0000,0.3222,0.1101,0.3000
TRACE,32.560,1.400,0.0005,0.2998,0.1109,0.3000
TRACE,32.600,1.445,0.0000,0.2773,0.1116,0.3000
TRACE,32.640,1.491,0.0000,0.2547,0.1124,0.3000
TRACE,32.680,1.536,0.0000,0.2320,0.1131,0.3000
TRACE,32.720,1.582,0.0000,0.2092,0.1138,0.3000
TRACE,32.760,1.627,0.0000,0.1865,0.1145,0.3000
TRACE,32.800,1.673,0.0000,0.1637,0.1152,0.3000
TRACE,32.840,1.718,0.0000,0.1410,0.1158,0.3000
TRACE,32.880,1.763,0.0000,0.1184,0.1164,0.3000
TRACE,32.920,1.808,0.0000,0.0958,0.1171,0.3000
TRACE,32.960,1.853,0.0000,0.0734,0.1177,0.3000
TRACE,33.000,1.898,0.0000,0.0511,0.1183,0.3000
TRACE,33.040,1.942,0.0000,0.0290,0.1188,0.3000
TRACE,33.080,1.986,0.0000,0.0070,0.1194,0.3000
TRACE,33.120,2.029,0.0000,0.0000,0.1198,0.3000
TRACE,33.160,2.072,0.0000,0.0000,0.1201,0.3000
TRACE,33.200,2.115,0.0000,0.0000,0.1205,0.3000
TRACE,33.240,2.157,0.0000,0.0000,0.1209,0.3000
TRACE,33.280,2.198,0.0000,0.0000,0.1213,0.3000
TRACE,33.320,2.238,0.0000,0.0000,0.1217,0.3000
TRACE,33.360,2.278,0.0000,0.0000,0.1222,0.3000
TRACE,33.400,2.317,0.0000,0.0000,0.1226,0.3000
TRACE,33.440,2.356,0.0000,0.0000,0.1231,0.3000
TRACE,33.480,2.393,0.0000,0.0000,0.1235,0.3000
TRACE,33.520,2.430,0.0000,0.0000,0.1240,0.3000
TRACE,33.560,2.465,0.0005,0.0000,0.1244,0.3000
TRACE,33.600,2.500,0.0000,0.0000,0.1249,0.3000
TRACE,33.640,2.533,0.0005,0.0000,0.1253,1.0000
TRACE,33.680,2.566,0.0011,0.0000,0.1260,1.0000
TRACE,33.720,2.597,0.0000,0.0000,0.1263,1.0000
TRACE,33.760,2.628,0.0006,0.0000,0.1267,1.0000
TRACE,33.800,2.657,0.0000,0.0000,0.1271,1.0000
TRACE,33.840,2.685,0.0000,0.0000,0.1275,1.0000
TRACE,33.880,2.712,0.0011,0.0000,0.1280,1.0000
TRACE,33.920,2.737,0.0000,0.0000,0.1284,1.0000
TRACE,33.960,2.761,0.0000,0.0000,0.1289,1.0000
TRACE,34.000,2.784,0.0000,0.0000,0.1293,1.0000
TRACE,34.040,2.806,0.0000,0.0000,0.1298,1.0000
TRACE,34.080,2.826,0.0000,0.0000,0.1302,1.0000
TRACE,34.120,2.845,0.0000,0.0000,0.1306,1.0000
TRACE,34.160,2.862,0.0000,0.0000,0.1311,1.0000
TRACE,34.200,2.878,0.0000,0.0000,0.1311,1.0000
TRACE,34.240,2.893,0.0000,0.0000,0.1311,1.0000
TRACE,34.280,2.906,0.0000,0.0000,0.1311,1.0000
TRACE,34.320,2.917,0.0000,0.0000,0.1311,1.0000
TRACE,34.360,2.928,0.0000,0.0000,0.1311,1.0000
TRACE,34.400,2.936,0.0000,0.0000,0.1311,1.0000
TRACE,34.440,2.943,0.0000,0.0000,0.1311,1.0000
TRACE,34.480,2.949,0.0119,0.0000,0.1349,1.0000
TRACE,34.520,2.953,0.0062,0.0000,0.1342,1.0000
TRACE,34.560,2.955,0.0062,0.0000,0.1324,1.0000
TRACE,34.600,2.956,0.0035,0.0000,0.1314,1.0000
TRACE,34.640,2.956,0.0038,0.0000,0.1313,1.0000
TRACE,34.680,2.954,0.0029,0.0000,0.1317,1.0000
TRACE,34.720,2.950,0.0040,0.0000,0.1319,1.0000
TRACE,34.760,2.945,0.0024,0.0000,0.1319,1.0000
TRACE,34.800,2.938,0.0000,0.0000,0.1319,1.0000
TRACE,34.840,2.930,0.0012,0.0000,0.1319,1.0000
TRACE,34.880,2.920,0.0040,0.0000,0.1318,1.0000
TRACE,34.920,2.909,0.0010,0.0000,0.1318,1.0000
TRACE,34.960,2.897,0.0000,0.0000,0.1316,1.0000
TRACE,35.000,2.882,0.0011,0.0000,0.1316,1.0000
TRACE,35.040,2.867,0.0019,0.0000,0.1315,1.0000
TRACE,35.080,2.850,0.0028,0.0000,0.1314,1.0000
TRACE,35.120,2.831,0.0000,0.0000,0.1314,1.0000
TRACE,35.160,2.812,0.0000,0.0000,0.1314,1.0000
TRACE,35.200,2.790,0.0000,0.0000,0.1314,1.0000
TRACE,35.240,2.768,0.0005,0.0000,0.1314,1.0000
TRACE,35.280,2.744,0.0000,0.0000,0.1313,1.0000
TRACE,35.320,2.719,0.0000,0.0000,0.1312,1.0000
TRACE,35.360,2.692,0.0000,0.0000,0.1312,1.0000
TRACE,35.400,2.665,0.0000,0.0000,0.1312,1.0000
TRACE,35.440,2.636,0.0000,0.0000,0.1311,1.0000
TRACE,35.480,2.606,0.0000,0.0000,0.1311,1.0000
TRACE,35.520,2.575,0.0000,0.0000,0.1311,1.0000
TRACE,35.560,2.543,0.0000,0.0000,0.1311,1.0000
TRACE,35.600,2.509,0.0000,0.0000,0.1311,1.0000
TRACE,35.640,2.475,0.0000,0.0000,0.1311,1.0000
TRACE,35.680,2.440,0.0000,0.0000,0.1311,1.0000
TRACE,35.720,2.403,0.0000,0.0000,0.1311,1.0000
TRACE,35.760,2.366,0.0000,0.0000,0.1311,1.0000
TRACE,35.800,2.328,0.0000,0.0000,0.1311,1.0000
TRACE,35.840,2.289,0.0000,0.0000,0.1311,1.0000
TRACE,35.880,2.250,0.0000,0.0000,0.1311,1.0000
TRACE,35.920,2.209,0.0000,0.0000,0.1311,1.0000
TRACE,35.960,2.168,0.0000,0.0000,0.1312,1.0000
TRACE,36.000,2.126,0.0000,0.0000,0.1312,1.0000
TRACE,36.040,2.084,0.0000,0.0000,0.1312,1.0000
TRACE,36.080,2.041,0.0000,0.0000,0.1312,1.0000
TRACE,36.120,1.998,0.0000,0.0010,0.1312,1.0000
TRACE,36.160,1.954,0.0000,0.0229,0.1313,1.0000
TRACE,36.200,1.910,0.0000,0.0450,0.1313,1.0000
TRACE,36.240,1.866,0.0000,0.0672,0.1313,1.0000
TRACE,36.280,1.821,0.0000,0.0896,0.1312,1.0000
TRACE,36.320,1.776,0.0000,0.1121,0.1312,1.0000
TRACE,36.360,1.730,0.0000,0.1348,0.1311,1.0000
TRACE,36.400,1.685,0.0000,0.1574,0.1310,1.0000
TRACE,36.440,1.640,0.0000,0.1802,0.1309,1.0000
TRACE,36.480,1.594,0.0000,0.2029,0.1308,1.0000
TRACE,36.520,1.549,0.0000,0.2257,0.1307,1.0000
TRACE,36.560,1.503,0.0000,0.2484,0.1306,1.0000
TRACE,36.600,1.458,0.0000,0.2710,0.1305,1.0000
TRACE,36.640,1.413,0.0000,0.2936,0.1304,1.0000
TRACE,36.680,1.368,0.0000,0.3160,0.1303,1.0000
TRACE,36.720,1.323,0.0000,0.3384,0.1302,1.0000
TRACE,36.760,1.279,0.0000,0.3605,0.1301,1.0000
TRACE,36.800,1.235,0.0000,0.3825,0.1300,1.0000
TRACE,36.840,1.192,0.0000,0.4042,0.1299,1.0000
TRACE,36.880,1.148,0.0000,0.4258,0.1297,1.0000
TRACE,36.920,1.106,0.0000,0.4470,0.1296,1.0000
TRACE,36.960,1.064,0.0000,0.4680,0.1295,1.0000
TRACE,37.000,1.023,0.0000,0.4887,0.1294,1.0000
TRACE,37.040,0.982,0.0000,0.5090,0.1281,1.0000
TRACE,37.080,0.942,0.0000,0.5290,0.1268,1.0000
TRACE,37.120,0.903,0.0000,0.5486,0.1256,1.0000
TRACE,37.160,0.864,0.0000,0.5678,0.1243,0.3000
TRACE,37.200,0.827,0.0000,0.5866,0.1231,0.3000
TRACE,37.240,0.790,0.0000,0.6049,0.1218,0.3000
TRACE,37.280,0.754,0.0000,0.6228,0.1206,0.3000
TRACE,37.320,0.720,0.0000,0.6402,0.1193,0.3000
TRACE,37.360,0.686,0.0000,0.6570,0.1180,0.3000
TRACE,37.400,0.653,0.0000,0.6734,0.1167,0.3000
TRACE,37.440,0.622,0.0000,0.6892,0.1154,0.3000
TRACE,37.480,0.591,0.0000,0.7045,0.1142,0.3000
TRACE,37.520,0.562,0.0000,0.7191,0.1130,0.3000
TRACE,37.560,0.534,0.0000,0.7332,0.1116,0.3000
TRACE,37.600,0.507,0.0000,0.7467,0.1101,0.3000
TRACE,37.640,0.481,0.0000,0.7595,0.1085,0.3000
TRACE,37.680,0.457,0.0000,0.7717,0.1067,0.3000
TRACE,37.720,0.433,0.0000,0.7833,0.1047,0.3000
TRACE,37.760,0.412,0.0000,0.7942,0.1022,0.3000
TRACE,37.800,0.391,0.0000,0.8044,0.0994,0.3000
TRACE,37.840,0.372,0.0000,0.8139,0.0995,0.3000
TRACE,37.880,0.355,0.0000,0.8227,0.0995,0.3000
TRACE,37.920,0.338,0.0000,0.8308,0.0996,0.3000
TRACE,37.960,0.324,0.0000,0.8382,0.0993,0.3000
TRACE,38.000,0.310,0.0000,0.8448,0.0990,0.3000
TRACE,38.040,0.299,0.0000,0.8507,0.0991,0.3000
TRACE,38.080,0.288,0.0000,0.8559,0.0993,0.3000
TRACE,38.120,0.279,0.0000,0.8603,0.0990,0.3000
TRACE,38.160,0.272,0.0000,0.8640,0.0988,0.3000
TRACE,38.200,0.266,0.0000,0.8669,0.0990,0.3000
TRACE,38.240,0.262,0.0000,0.8690,0.0987,0.3000
TRACE,38.280,0.259,0.0000,0.8704,0.0989,0.3000
TRACE,38.320,0.258,0.0000,0.8710,0.0987,0.3000
TRACE,38.360,0.258,0.0000,0.8708,0.0988,0.3000
TRACE,38.400,0.260,0.0000,0.8699,0.0990,0.3000
TRACE,38.440,0.264,0.0000,0.8682,0.0988,0.3000
TRACE,38.480,0.268,0.0000,0.8658,0.0989,0.3000
TRACE,38.520,0.275,0.0000,0.8625,0.0990,0.3000
TRACE,38.560,0.283,0.0000,0.8586,0.0991,0.3000
TRACE,38.600,0.292,0.0000,0.8538,0.0991,0.3000
TRACE,38.640,0.303,0.0000,0.8484,0.0991,0.3000
TRACE,38.680,0.316,0.0000,0.8421,0.0992,0.3000
TRACE,38.720,0.330,0.0000,0.8352,0.0992,0.3000
TRACE,38.760,0.345,0.0000,0.8275,0.0993,0.3000
TRACE,38.800,0.362,0.0000,0.8191,0.0994,0.3000
TRACE,38.840,0.380,0.0000,0.8100,0.0994,0.3000
TRACE,38.880,0.400,0.0000,0.8002,0.0995,0.3000
TRACE,38.920,0.421,0.0000,0.7897,0.0996,0.3000
TRACE,38.960,0.443,0.0000,0.7786,0.0997,0.3000
TRACE,39.000,0.467,0.0000,0.7667,0.0998,0.3000
TRACE,39.040,0.491,0.0000,0.7543,0.0998,0.3000
TRACE,39.080,0.518,0.0000,0.7412,0.0999,0.3000
TRACE,39.120,0.545,0.0000,0.7274,0.1000,0.3000
TRACE,39.160,0.574,0.0000,0.7131,0.1001,0.3000
TRACE,39.200,0.604,0.0000,0.6982,0.1002,0.3000
TRACE,39.240,0.635,0.0000,0.6827,0.1003,0.3000
TRACE,39.280,0.667,0.0000,0.6666,0.1004,0.3000
TRACE,39.320,0.700,0.0000,0.6501,0.1005,0.3000
TRACE,39.360,0.734,0.0000,0.6330,0.1006,0.3000
TRACE,39.400,0.769,0.0000,0.6154,0.1007,0.3000
TRACE,39.440,0.805,0.0000,0.5973,0.1008,0.3000
TRACE,39.480,0.842,0.0000,0.5788,0.1009,0.3000
TRACE,39.520,0.880,0.0000,0.5598,0.1010,0.3000
TRACE,39.560,0.919,0.0000,0.5405,0.1011,0.3000
TRACE,39.600,0.959,0.0000,0.5207,0.1012,0.3000
TRACE,39.640,0.999,0.0000,0.5006,0.1013,0.3000
TRACE,39.680,1.040,0.0000,0.4801,0.1024,0.3000
TRACE,39.720,1.081,0.0000,0.4593,0.1035,0.3000
TRACE,39.760,1.124,0.0000,0.4382,0.1046,0.3000
TRACE,39.800,1.166,0.0000,0.4168,0.1056,0.3000
TRACE,39.840,1.210,0.0000,0.3952,0.1066,0.3000
TRACE,39.880,1.253,0.0000,0.3733,0.1075,0.3000
TRACE,39.920,1.297,0.0000,0.3513,0.1084,0.3000
TRACE,39.960,1.342,0.0000,0.3291,0.1093,0.3000
