step,phi,danger,altitude,attitude_norm,pe,gust_intensity
0,0.101476,0.3007,1.0000,0.0000,0.0000,0.3007
1,0.100081,0.3059,1.0000,0.0000,0.0838,0.3059
2,0.097598,0.3161,1.0000,0.0000,0.0098,0.3161
3,0.096892,0.3310,1.0000,0.0000,0.0028,0.3310
4,0.096240,0.3502,1.0000,0.0000,0.0021,0.3502
5,0.119947,0.3732,1.0000,0.0000,0.0000,0.3732
6,0.119797,0.3995,1.0000,0.0000,0.0000,0.3994
7,0.119917,0.4283,1.0000,0.0001,0.0000,0.4283
8,0.120177,0.4590,1.0000,0.0001,0.0000,0.4589
9,0.120463,0.4907,1.0000,0.0002,0.0004,0.4906
10,0.119154,0.5228,1.0000,0.0003,0.0000,0.5226
11,0.117844,0.5542,1.0000,0.0005,0.0004,0.5540
12,0.116516,0.5843,1.0000,0.0008,0.0020,0.5840
13,0.115169,0.6123,1.0000,0.0011,0.0000,0.6118
14,0.113807,0.6375,1.0000,0.0015,0.0004,0.6368
15,0.112401,0.6593,1.0000,0.0020,0.0024,0.6583
16,0.110952,0.6770,1.0000,0.0025,0.0000,0.6757
17,0.109426,0.6903,1.0000,0.0032,0.0000,0.6887
18,0.107944,0.6988,1.0000,0.0040,0.0000,0.6969
19,0.106352,0.7024,1.0000,0.0048,0.0000,0.7000
20,0.104625,0.7008,1.0000,0.0057,0.0000,0.6980
21,0.102726,0.6943,1.0000,0.0067,0.0000,0.6909
22,0.100776,0.6828,1.0000,0.0077,0.0000,0.6790
23,0.098584,0.6669,1.0000,0.0087,0.0000,0.6625
24,0.098861,0.6467,1.0000,0.0098,0.0007,0.6418
25,0.099149,0.6230,1.0000,0.0109,0.0027,0.6176
26,0.099442,0.5962,1.0000,0.0119,0.0004,0.5903
27,0.099735,0.5672,1.0000,0.0129,0.0004,0.5607
28,0.100030,0.5365,1.0000,0.0139,0.0000,0.5296
29,0.100321,0.5051,1.0000,0.0149,0.0004,0.4977
30,0.101676,0.4737,1.0000,0.0157,0.0004,0.4658
31,0.102965,0.4432,1.0000,0.0166,0.0004,0.4349
32,0.104183,0.4142,1.0000,0.0173,0.0000,0.4056
33,0.105325,0.3877,1.0000,0.0180,0.0000,0.3787
34,0.106390,0.3642,1.0000,0.0186,0.0000,0.3549
35,0.107379,0.3444,1.0000,0.0191,0.0000,0.3348
36,0.108291,0.3288,1.0000,0.0196,0.0000,0.3190
37,0.109129,0.3178,1.0000,0.0200,0.0000,0.3077
38,0.109897,0.3116,1.0000,0.0204,0.0000,0.3014
39,0.110598,0.3105,1.0000,0.0207,0.0000,0.3002
40,0.111239,0.3145,1.0000,0.0210,0.0000,0.3040
41,0.111844,0.3235,1.0000,0.0213,0.0000,0.3129
42,0.112582,0.3372,1.0000,0.0215,0.0004,0.3265
43,0.113169,0.3554,1.0000,0.0216,0.0000,0.3446
44,0.113566,0.3775,1.0000,0.0217,0.0000,0.3666
45,0.114001,0.4030,1.0000,0.0218,0.0000,0.3921
46,0.114435,0.4312,1.0000,0.0219,0.0024,0.4203
47,0.114867,0.4615,1.0000,0.0219,0.0031,0.4505
48,0.115250,0.4929,1.0000,0.0218,0.0000,0.4820
49,0.113741,0.5249,1.0000,0.0218,0.0000,0.5140
50,0.112171,0.5564,1.0000,0.0217,0.0004,0.5456
51,0.110480,0.5868,1.0000,0.0216,0.0004,0.5760
52,0.108638,0.6153,1.0000,0.0214,0.0004,0.6045
53,0.106623,0.6410,1.0000,0.0213,0.0004,0.6304
54,0.104398,0.6635,1.0000,0.0212,0.0000,0.6529
55,0.101917,0.6820,1.0000,0.0211,0.0000,0.6715
56,0.100236,0.6962,1.0000,0.0210,0.0024,0.6857
57,0.100134,0.7057,1.0000,0.0210,0.0031,0.6951
58,0.100039,0.7102,1.0000,0.0211,0.0004,0.6996
59,0.099965,0.7096,1.0000,0.0212,0.0000,0.6990
60,0.099930,0.7040,1.0000,0.0215,0.0004,0.6933
61,0.100008,0.6936,1.0000,0.0218,0.0007,0.6827
62,0.100157,0.6785,1.0000,0.0222,0.0000,0.6674
63,0.100332,0.6591,1.0000,0.0227,0.0004,0.6478
64,0.100506,0.6361,1.0000,0.0232,0.0000,0.6244
65,0.100695,0.6099,1.0000,0.0239,0.0000,0.5979
66,0.100881,0.5812,1.0000,0.0246,0.0000,0.5689
67,0.101064,0.5508,1.0000,0.0254,0.0000,0.5381
68,0.101239,0.5194,1.0000,0.0262,0.0000,0.5063
69,0.102479,0.4879,1.0000,0.0270,0.0000,0.4744
70,0.103651,0.4570,1.0000,0.0279,0.0011,0.4431
71,0.104749,0.4276,1.0000,0.0287,0.0004,0.4133
72,0.105784,0.4005,1.0000,0.0295,0.0000,0.3857
73,0.106745,0.3762,1.0000,0.0303,0.0000,0.3610
74,0.107633,0.3554,1.0000,0.0311,0.0000,0.3399
75,0.108455,0.3387,1.0000,0.0318,0.0000,0.3228
76,0.109212,0.3266,1.0000,0.0325,0.0000,0.3103
77,0.109907,0.3192,1.0000,0.0332,0.0000,0.3026
78,0.110539,0.3169,1.0000,0.0338,0.0000,0.3000
79,0.111114,0.3196,1.0000,0.0343,0.0000,0.3025
80,0.111636,0.3274,1.0000,0.0348,0.0000,0.3100
81,0.112270,0.3400,1.0000,0.0353,0.0000,0.3224
82,0.112876,0.3571,1.0000,0.0357,0.0000,0.3393
83,0.113439,0.3783,1.0000,0.0360,0.0000,0.3603
84,0.113958,0.4031,1.0000,0.0363,0.0000,0.3849
85,0.114436,0.4307,1.0000,0.0366,0.0000,0.4124
86,0.114872,0.4606,1.0000,0.0367,0.0004,0.4422
87,0.115272,0.4919,1.0000,0.0368,0.0000,0.4734
88,0.113797,0.5238,1.0000,0.0369,0.0100,0.5054
89,0.112284,0.5556,1.0000,0.0368,0.0000,0.5371
90,0.110499,0.5863,1.0000,0.0367,0.0004,0.5680
91,0.108673,0.6153,1.0000,0.0364,0.0000,0.5971
92,0.106662,0.6418,1.0000,0.0361,0.0000,0.6237
93,0.104442,0.6650,1.0000,0.0357,0.0000,0.6472
94,0.101966,0.6845,1.0000,0.0352,0.0000,0.6669
95,0.100284,0.6996,1.0000,0.0346,0.0000,0.6823
96,0.100166,0.7101,1.0000,0.0340,0.0000,0.6931
97,0.100070,0.7156,1.0000,0.0333,0.0000,0.6989
98,0.100003,0.7160,1.0000,0.0326,0.0000,0.6997
99,0.099962,0.7113,1.0000,0.0319,0.0004,0.6954
100,0.099993,0.7016,1.0000,0.0311,0.0011,0.6860
101,0.100136,0.6871,1.0000,0.0304,0.0000,0.6719
102,0.100311,0.6683,1.0000,0.0297,0.0004,0.6535
103,0.100486,0.6456,1.0000,0.0290,0.0004,0.6311
104,0.100674,0.6195,1.0000,0.0284,0.0024,0.6053
105,0.100853,0.5908,1.0000,0.0278,0.0000,0.5769
106,0.101064,0.5602,1.0000,0.0274,0.0000,0.5465
107,0.101247,0.5284,1.0000,0.0269,0.0004,0.5149
108,0.102492,0.4963,1.0000,0.0266,0.0000,0.4830
109,0.103677,0.4646,1.0000,0.0263,0.0000,0.4514
110,0.104790,0.4342,1.0000,0.0260,0.0000,0.4212
111,0.105833,0.4058,1.0000,0.0258,0.0004,0.3929
112,0.106805,0.3802,1.0000,0.0257,0.0000,0.3673
113,0.107710,0.3580,1.0000,0.0256,0.0000,0.3452
114,0.108544,0.3397,1.0000,0.0255,0.0000,0.3270
115,0.109315,0.3259,1.0000,0.0254,0.0004,0.3132
116,0.110025,0.3169,1.0000,0.0253,0.0000,0.3042
117,0.110677,0.3128,1.0000,0.0252,0.0007,0.3002
118,0.111273,0.3139,1.0000,0.0251,0.0028,0.3013
119,0.111821,0.3200,1.0000,0.0251,0.0007,0.3075
120,0.112371,0.3311,1.0000,0.0250,0.0000,0.3186
121,0.112973,0.3467,1.0000,0.0249,0.0000,0.3343
122,0.113537,0.3666,1.0000,0.0247,0.0000,0.3543
123,0.114056,0.3903,1.0000,0.0246,0.0000,0.3780
124,0.114532,0.4170,1.0000,0.0245,0.0000,0.4048
125,0.114967,0.4461,1.0000,0.0243,0.0000,0.4340
126,0.115364,0.4770,1.0000,0.0241,0.0000,0.4649
127,0.113895,0.5087,1.0000,0.0239,0.0004,0.4967
128,0.112326,0.5405,1.0000,0.0237,0.0004,0.5286
129,0.110632,0.5715,1.0000,0.0234,0.0000,0.5598
130,0.108792,0.6009,1.0000,0.0230,0.0000,0.5894
131,0.106780,0.6281,1.0000,0.0226,0.0000,0.6168
132,0.104558,0.6522,1.0000,0.0221,0.0000,0.6412
133,0.102081,0.6727,1.0000,0.0215,0.0000,0.6619
134,0.100399,0.6889,1.0000,0.0207,0.0000,0.6786
135,0.100280,0.7006,1.0000,0.0199,0.0000,0.6906
136,0.100181,0.7073,1.0000,0.0190,0.0007,0.6978
137,0.100111,0.7090,1.0000,0.0180,0.0020,0.7000
138,0.100075,0.7054,1.0000,0.0169,0.0000,0.6970
139,0.100056,0.6968,1.0000,0.0156,0.0000,0.6890
140,0.100187,0.6833,1.0000,0.0143,0.0000,0.6762
141,0.100345,0.6653,1.0000,0.0129,0.0000,0.6589
142,0.100521,0.6432,1.0000,0.0114,0.0020,0.6375
143,0.100698,0.6175,1.0000,0.0099,0.0000,0.6126
144,0.100908,0.5890,1.0000,0.0084,0.0000,0.5848
145,0.101103,0.5583,1.0000,0.0068,0.0004,0.5549
146,0.101294,0.5262,1.0000,0.0052,0.0011,0.5235
147,0.102551,0.4934,1.0000,0.0037,0.0000,0.4916
148,0.103758,0.4609,1.0000,0.0022,0.0000,0.4599
149,0.104889,0.4295,1.0000,0.0007,0.0045,0.4292
150,0.105904,0.4007,1.0000,0.0008,0.0004,0.4003
151,0.106914,0.3750,1.0000,0.0022,0.0000,0.3739
152,0.107821,0.3526,1.0000,0.0035,0.0000,0.3508
153,0.108655,0.3339,1.0000,0.0048,0.0004,0.3315
154,0.109419,0.3195,1.0000,0.0061,0.0000,0.3165
155,0.110121,0.3098,1.0000,0.0073,0.0020,0.3062
156,0.110762,0.3050,1.0000,0.0084,0.0020,0.3008
157,0.111362,0.3053,1.0000,0.0095,0.0000,0.3005
158,0.111903,0.3106,1.0000,0.0106,0.0000,0.3053
159,0.112419,0.3209,1.0000,0.0116,0.0000,0.3151
160,0.113020,0.3359,1.0000,0.0126,0.0000,0.3296
161,0.113577,0.3553,1.0000,0.0135,0.0000,0.3485
162,0.114092,0.3784,1.0000,0.0144,0.0000,0.3712
163,0.114565,0.4049,1.0000,0.0153,0.0024,0.3973
164,0.115011,0.4339,1.0000,0.0161,0.0023,0.4259
165,0.115401,0.4649,1.0000,0.0168,0.0004,0.4564
166,0.115747,0.4969,1.0000,0.0175,0.0000,0.4881
167,0.114290,0.5291,1.0000,0.0182,0.0000,0.5201
168,0.112745,0.5609,1.0000,0.0188,0.0000,0.5515
169,0.111095,0.5913,1.0000,0.0193,0.0000,0.5816
170,0.109319,0.6196,1.0000,0.0198,0.0004,0.6097
171,0.107392,0.6451,1.0000,0.0203,0.0004,0.6349
172,0.105276,0.6671,1.0000,0.0207,0.0007,0.6567
173,0.102933,0.6851,1.0000,0.0212,0.0007,0.6745
174,0.100308,0.6987,1.0000,0.0216,0.0000,0.6879
175,0.100198,0.7074,1.0000,0.0221,0.0004,0.6964
176,0.100120,0.7112,1.0000,0.0226,0.0000,0.6999
177,0.100083,0.7099,1.0000,0.0232,0.0000,0.6983
178,0.100073,0.7036,1.0000,0.0238,0.0000,0.6917
179,0.100124,0.6924,1.0000,0.0245,0.0000,0.6801
180,0.100271,0.6766,1.0000,0.0253,0.0004,0.6640
181,0.100434,0.6567,1.0000,0.0261,0.0000,0.6436
182,0.100614,0.6331,1.0000,0.0270,0.0000,0.6196
183,0.100799,0.6066,1.0000,0.0281,0.0000,0.5926
184,0.100987,0.5777,1.0000,0.0291,0.0000,0.5631
185,0.101173,0.5472,1.0000,0.0303,0.0000,0.5321
186,0.101352,0.5160,1.0000,0.0315,0.0000,0.5002
187,0.102594,0.4847,1.0000,0.0327,0.0000,0.4684
188,0.103768,0.4543,1.0000,0.0340,0.0000,0.4373
189,0.104872,0.4255,1.0000,0.0352,0.0004,0.4078
190,0.105902,0.3990,1.0000,0.0365,0.0015,0.3807
191,0.106855,0.3756,1.0000,0.0378,0.0000,0.3567
192,0.107754,0.3558,1.0000,0.0390,0.0000,0.3363
193,0.108566,0.3402,1.0000,0.0403,0.0000,0.3201
194,0.109308,0.3292,1.0000,0.0414,0.0000,0.3085
195,0.109983,0.3230,1.0000,0.0426,0.0000,0.3017
196,0.110611,0.3219,1.0000,0.0437,0.0000,0.3001
197,0.111191,0.3259,1.0000,0.0447,0.0000,0.3035
198,0.111720,0.3349,1.0000,0.0458,0.0000,0.3120
199,0.112325,0.3486,1.0000,0.0467,0.0000,0.3253
200,0.112905,0.3668,1.0000,0.0476,0.0000,0.3430
201,0.113442,0.3890,1.0000,0.0485,0.0000,0.3647
202,0.113936,0.4146,1.0000,0.0493,0.0000,0.3899
203,0.114389,0.4430,1.0000,0.0500,0.0000,0.4180
204,0.114803,0.4734,1.0000,0.0507,0.0000,0.4481
205,0.113311,0.5051,1.0000,0.0513,0.0000,0.4795
206,0.111706,0.5373,1.0000,0.0518,0.0000,0.5114
207,0.109969,0.5692,1.0000,0.0522,0.0000,0.5431
208,0.108070,0.5999,1.0000,0.0525,0.0000,0.5737
209,0.105978,0.6287,1.0000,0.0527,0.0004,0.6024
210,0.103654,0.6548,1.0000,0.0528,0.0052,0.6284
211,0.101065,0.6776,1.0000,0.0528,0.0000,0.6512
212,0.100368,0.6965,1.0000,0.0527,0.0048,0.6701
213,0.100260,0.7109,1.0000,0.0524,0.0004,0.6847
214,0.100133,0.7206,1.0000,0.0521,0.0000,0.6946
215,0.100057,0.7253,1.0000,0.0516,0.0000,0.6995
216,0.100014,0.7248,1.0000,0.0511,0.0000,0.6993
217,0.099999,0.7192,1.0000,0.0505,0.0000,0.6940
218,0.100030,0.7086,1.0000,0.0498,0.0000,0.6837
219,0.100174,0.6933,1.0000,0.0491,0.0000,0.6688
220,0.100338,0.6737,1.0000,0.0484,0.0000,0.6495
221,0.100516,0.6503,1.0000,0.0477,0.0011,0.6264
222,0.100697,0.6236,1.0000,0.0470,0.0004,0.6001
223,0.100894,0.5944,1.0000,0.0463,0.0000,0.5713
224,0.101087,0.5634,1.0000,0.0456,0.0000,0.5406
225,0.101271,0.5314,1.0000,0.0450,0.0000,0.5089
226,0.102518,0.4991,1.0000,0.0444,0.0000,0.4769
227,0.103700,0.4675,1.0000,0.0439,0.0000,0.4456
228,0.104813,0.4373,1.0000,0.0434,0.0000,0.4156
229,0.105856,0.4093,1.0000,0.0430,0.0000,0.3878
230,0.106828,0.3841,1.0000,0.0426,0.0000,0.3628
231,0.107727,0.3625,1.0000,0.0422,0.0000,0.3414
232,0.108553,0.3449,1.0000,0.0418,0.0004,0.3240
233,0.109306,0.3318,1.0000,0.0414,0.0007,0.3111
234,0.109993,0.3236,1.0000,0.0411,0.0000,0.3031
235,0.110627,0.3204,1.0000,0.0407,0.0004,0.3000
236,0.111217,0.3223,1.0000,0.0404,0.0007,0.3021
237,0.111757,0.3292,1.0000,0.0400,0.0004,0.3092
238,0.112314,0.3411,1.0000,0.0397,0.0000,0.3212
239,0.112907,0.3575,1.0000,0.0393,0.0004,0.3378
240,0.113462,0.3780,1.0000,0.0390,0.0000,0.3585
241,0.113969,0.4021,1.0000,0.0386,0.0000,0.3828
242,0.114439,0.4293,1.0000,0.0382,0.0000,0.4102
243,0.114868,0.4587,1.0000,0.0378,0.0004,0.4398
244,0.115261,0.4896,1.0000,0.0374,0.0000,0.4709
245,0.113790,0.5213,1.0000,0.0370,0.0000,0.5028
246,0.112220,0.5529,1.0000,0.0365,0.0000,0.5346
247,0.110531,0.5836,1.0000,0.0360,0.0004,0.5656
248,0.108701,0.6126,1.0000,0.0355,0.0000,0.5948
249,0.106694,0.6391,1.0000,0.0349,0.0000,0.6217
250,0.104481,0.6625,1.0000,0.0343,0.0000,0.6454
251,0.102015,0.6822,1.0000,0.0335,0.0000,0.6654
252,0.100341,0.6976,1.0000,0.0327,0.0000,0.6812
253,0.100229,0.7083,1.0000,0.0318,0.0000,0.6924
254,0.100140,0.7140,1.0000,0.0307,0.0000,0.6986
255,0.100089,0.7146,1.0000,0.0296,0.0004,0.6998
256,0.100069,0.7100,1.0000,0.0283,0.0004,0.6959
257,0.100079,0.7004,1.0000,0.0269,0.0020,0.6869
258,0.100208,0.6859,1.0000,0.0254,0.0046,0.6732
259,0.100360,0.6670,1.0000,0.0238,0.0000,0.6551
260,0.100572,0.6440,1.0000,0.0221,0.0000,0.6330
261,0.100758,0.6176,1.0000,0.0203,0.0000,0.6075
262,0.100952,0.5885,1.0000,0.0184,0.0000,0.5793
263,0.101147,0.5573,1.0000,0.0165,0.0007,0.5490
264,0.101333,0.5248,1.0000,0.0147,0.0020,0.5175
265,0.102582,0.4919,1.0000,0.0128,0.0000,0.4855
266,0.103788,0.4595,1.0000,0.0111,0.0000,0.4539
267,0.104909,0.4282,1.0000,0.0094,0.0030,0.4235
268,0.105941,0.3989,1.0000,0.0078,0.0023,0.3950
269,0.106933,0.3724,1.0000,0.0062,0.0000,0.3693
270,0.107860,0.3492,1.0000,0.0048,0.0000,0.3468
271,0.108695,0.3300,1.0000,0.0034,0.0004,0.3283
272,0.109459,0.3151,1.0000,0.0020,0.0024,0.3141
273,0.110143,0.3052,1.0000,0.0010,0.0028,0.3047
274,0.110776,0.3008,1.0000,0.0010,0.0020,0.3003
275,0.111359,0.3022,1.0000,0.0023,0.0024,0.3010
276,0.111904,0.3087,1.0000,0.0037,0.0000,0.3068
277,0.112431,0.3201,1.0000,0.0052,0.0000,0.3175
278,0.113036,0.3363,1.0000,0.0068,0.0000,0.3329
279,0.113593,0.3567,1.0000,0.0083,0.0004,0.3525
280,0.114107,0.3809,1.0000,0.0098,0.0004,0.3759
281,0.114576,0.4082,1.0000,0.0114,0.0000,0.4025
282,0.115001,0.4380,1.0000,0.0129,0.0000,0.4316
283,0.115392,0.4696,1.0000,0.0143,0.0000,0.4624
284,0.113920,0.5020,1.0000,0.0157,0.0000,0.4942
285,0.112345,0.5346,1.0000,0.0170,0.0000,0.5261
286,0.110649,0.5665,1.0000,0.0182,0.0000,0.5574
287,0.108809,0.5968,1.0000,0.0193,0.0044,0.5872
288,0.106814,0.6249,1.0000,0.0203,0.0000,0.6147
289,0.104562,0.6500,1.0000,0.0213,0.0000,0.6394
290,0.102086,0.6715,1.0000,0.0221,0.0000,0.6604
291,0.100403,0.6889,1.0000,0.0229,0.0000,0.6774
292,0.100281,0.7017,1.0000,0.0237,0.0004,0.6899
293,0.100180,0.7097,1.0000,0.0245,0.0011,0.6974
294,0.100107,0.7126,1.0000,0.0252,0.0000,0.7000
295,0.100076,0.7105,1.0000,0.0260,0.0000,0.6974
296,0.100070,0.7033,1.0000,0.0269,0.0000,0.6898
297,0.100143,0.6913,1.0000,0.0278,0.0000,0.6774
298,0.100293,0.6748,1.0000,0.0288,0.0000,0.6604
299,0.100460,0.6542,1.0000,0.0298,0.0000,0.6393
300,0.100639,0.6301,1.0000,0.0309,0.0000,0.6147
301,0.100825,0.6032,1.0000,0.0321,0.0000,0.5871
302,0.101013,0.5740,1.0000,0.0333,0.0000,0.5573
303,0.101198,0.5434,1.0000,0.0346,0.0000,0.5261
304,0.101375,0.5121,1.0000,0.0360,0.0000,0.4941
305,0.102614,0.4810,1.0000,0.0373,0.0007,0.4624
306,0.103779,0.4509,1.0000,0.0387,0.0004,0.4315
307,0.104883,0.4225,1.0000,0.0400,0.0000,0.4025
308,0.105912,0.3966,1.0000,0.0413,0.0000,0.3759
309,0.106865,0.3738,1.0000,0.0426,0.0004,0.3525
310,0.107742,0.3548,1.0000,0.0438,0.0004,0.3329
311,0.108550,0.3400,1.0000,0.0449,0.0000,0.3175
312,0.109289,0.3298,1.0000,0.0461,0.0000,0.3068
313,0.109958,0.3246,1.0000,0.0471,0.0000,0.3010
314,0.110584,0.3244,1.0000,0.0482,0.0000,0.3003
315,0.111159,0.3294,1.0000,0.0492,0.0004,0.3048
316,0.111692,0.3393,1.0000,0.0503,0.0004,0.3142
317,0.112313,0.3540,1.0000,0.0513,0.0000,0.3283
318,0.112887,0.3730,1.0000,0.0524,0.0000,0.3468
319,0.113419,0.3960,1.0000,0.0535,0.0000,0.3693
320,0.113909,0.4224,1.0000,0.0546,0.0000,0.3951
321,0.114358,0.4514,1.0000,0.0557,0.0007,0.4235
322,0.114771,0.4824,0.9999,0.0568,0.0000,0.4540
323,0.113269,0.5145,0.9999,0.0579,0.0000,0.4856
324,0.111661,0.5470,0.9999,0.0589,0.0000,0.5175
325,0.109918,0.5789,0.9999,0.0597,0.0000,0.5490
326,0.108015,0.6095,0.9999,0.0605,0.0000,0.5793
327,0.105920,0.6381,0.9999,0.0611,0.0000,0.6075
328,0.103595,0.6638,0.9999,0.0615,0.0000,0.6330
329,0.100992,0.6860,0.9999,0.0618,0.0000,0.6551
330,0.100323,0.7042,0.9999,0.0618,0.0051,0.6733
331,0.100216,0.7179,0.9999,0.0618,0.0004,0.6870
332,0.100087,0.7267,0.9999,0.0616,0.0049,0.6959
333,0.100022,0.7305,0.9999,0.0613,0.0000,0.6998
334,0.099982,0.7291,0.9999,0.0609,0.0000,0.6986
335,0.099971,0.7226,0.9999,0.0604,0.0004,0.6924
336,0.100024,0.7111,0.9999,0.0598,0.0000,0.6812
337,0.100174,0.6950,0.9999,0.0592,0.0000,0.6654
338,0.100340,0.6746,0.9999,0.0585,0.0000,0.6454
339,0.100520,0.6506,0.9999,0.0578,0.0000,0.6217
340,0.100709,0.6234,0.9999,0.0571,0.0000,0.5948
341,0.100901,0.5937,0.9999,0.0563,0.0000,0.5655
342,0.101091,0.5624,0.9999,0.0556,0.0000,0.5346
343,0.101276,0.5302,0.9999,0.0548,0.0007,0.5028
344,0.102518,0.4979,0.9999,0.0541,0.0007,0.4709
345,0.103699,0.4664,0.9999,0.0533,0.0000,0.4397
346,0.104815,0.4364,0.9999,0.0526,0.0000,0.4101
347,0.105853,0.4087,0.9999,0.0518,0.0000,0.3828
348,0.106819,0.3840,0.9999,0.0511,0.0000,0.3585
349,0.107713,0.3630,0.9999,0.0504,0.0000,0.3378
350,0.108534,0.3461,0.9999,0.0497,0.0000,0.3212
351,0.109284,0.3337,0.9999,0.0491,0.0000,0.3092
352,0.109967,0.3263,0.9999,0.0484,0.0004,0.3021
353,0.110597,0.3239,0.9999,0.0478,0.0020,0.3000
354,0.111190,0.3267,0.9999,0.0472,0.0000,0.3031
355,0.111719,0.3344,0.9999,0.0466,0.0000,0.3111
356,0.112297,0.3471,0.9999,0.0460,0.0007,0.3240
357,0.112892,0.3642,0.9999,0.0454,0.0011,0.3414
358,0.113440,0.3853,0.9999,0.0449,0.0004,0.3629
359,0.113940,0.4100,0.9999,0.0443,0.0020,0.3878
360,0.114412,0.4375,0.9999,0.0437,0.0007,0.4156
361,0.114827,0.4671,0.9999,0.0431,0.0004,0.4456
362,0.115213,0.4982,0.9999,0.0425,0.0004,0.4770
363,0.113742,0.5298,0.9999,0.0418,0.0000,0.5089
364,0.112169,0.5612,0.9999,0.0412,0.0000,0.5406
365,0.110480,0.5916,0.9999,0.0406,0.0000,0.5713
366,0.108649,0.6201,0.9999,0.0399,0.0000,0.6002
367,0.106647,0.6461,0.9999,0.0392,0.0004,0.6265
368,0.104439,0.6688,0.9999,0.0385,0.0000,0.6495
369,0.101975,0.6876,0.9999,0.0377,0.0000,0.6688
370,0.100306,0.7021,0.9999,0.0368,0.0000,0.6837
371,0.100198,0.7119,0.9999,0.0359,0.0000,0.6940
372,0.100114,0.7167,0.9999,0.0349,0.0004,0.6993
373,0.100069,0.7163,0.9999,0.0338,0.0024,0.6995
374,0.100047,0.7108,0.9999,0.0325,0.0000,0.6946
375,0.100092,0.7003,0.9999,0.0312,0.0000,0.6847
376,0.100237,0.6850,0.9999,0.0297,0.0036,0.6701
377,0.100382,0.6652,0.9999,0.0281,0.0000,0.6512
378,0.100590,0.6416,0.9999,0.0264,0.0000,0.6284
379,0.100779,0.6146,0.9999,0.0246,0.0000,0.6023
380,0.100974,0.5850,0.9999,0.0227,0.0000,0.5736
381,0.101170,0.5534,0.9999,0.0207,0.0000,0.5431
382,0.101360,0.5208,0.9999,0.0188,0.0027,0.5114
383,0.102598,0.4879,0.9999,0.0169,0.0000,0.4794
384,0.103808,0.4555,0.9999,0.0150,0.0000,0.4480
385,0.104926,0.4245,0.9999,0.0133,0.0000,0.4179
386,0.105973,0.3957,0.9999,0.0116,0.0036,0.3899
387,0.106925,0.3697,0.9999,0.0100,0.0000,0.3647
388,0.107860,0.3472,0.9999,0.0085,0.0007,0.3430
389,0.108684,0.3288,0.9999,0.0071,0.0000,0.3252
390,0.109451,0.3148,0.9999,0.0057,0.0000,0.3120
391,0.110143,0.3057,0.9999,0.0043,0.0011,0.3035
392,0.110774,0.3015,0.9999,0.0029,0.0000,0.3001
393,0.111368,0.3025,0.9999,0.0015,0.0021,0.3017
394,0.111909,0.3090,0.9999,0.0011,0.0028,0.3085
395,0.112444,0.3209,0.9999,0.0015,0.0000,0.3201
396,0.113020,0.3379,0.9999,0.0031,0.0020,0.3363
397,0.113593,0.3590,0.9999,0.0047,0.0039,0.3567
398,0.114111,0.3839,0.9999,0.0062,0.0026,0.3808
399,0.114565,0.4118,0.9999,0.0078,0.0000,0.4079
400,0.114976,0.4420,0.9999,0.0094,0.0000,0.4373
401,0.115367,0.4738,0.9999,0.0109,0.0000,0.4684
402,0.113895,0.5064,0.9999,0.0124,0.0000,0.5003
403,0.112320,0.5390,0.9999,0.0138,0.0000,0.5321
404,0.110625,0.5707,0.9999,0.0152,0.0000,0.5632
405,0.108785,0.6008,0.9999,0.0165,0.0000,0.5926
406,0.106772,0.6286,0.9999,0.0178,0.0000,0.6197
407,0.104550,0.6532,0.9999,0.0191,0.0000,0.6437
408,0.102074,0.6742,0.9999,0.0203,0.0000,0.6640
409,0.100392,0.6909,0.9999,0.0216,0.0000,0.6801
410,0.100272,0.7030,0.9999,0.0227,0.0041,0.6917
411,0.100188,0.7103,0.9999,0.0239,0.0004,0.6983
412,0.100108,0.7124,0.9999,0.0249,0.0000,0.6999
413,0.100080,0.7094,0.9999,0.0259,0.0004,0.6964
414,0.100076,0.7013,0.9999,0.0269,0.0004,0.6878
415,0.100172,0.6884,0.9999,0.0279,0.0000,0.6745
416,0.100327,0.6711,0.9999,0.0288,0.0004,0.6567
417,0.100494,0.6498,0.9999,0.0297,0.0004,0.6349
418,0.100675,0.6250,0.9999,0.0307,0.0000,0.6096
419,0.100864,0.5974,0.9999,0.0317,0.0000,0.5816
420,0.101052,0.5678,0.9999,0.0327,0.0000,0.5515
421,0.101235,0.5370,0.9999,0.0339,0.0000,0.5200
422,0.101410,0.5056,0.9999,0.0351,0.0000,0.4881
423,0.102647,0.4746,0.9999,0.0364,0.0000,0.4564
424,0.103814,0.4447,0.9999,0.0377,0.0000,0.4259
425,0.104910,0.4167,0.9999,0.0391,0.0007,0.3972
426,0.105927,0.3914,0.9999,0.0404,0.0004,0.3712
427,0.106878,0.3694,0.9999,0.0418,0.0000,0.3485
428,0.107755,0.3512,0.9999,0.0431,0.0000,0.3296
429,0.108554,0.3373,0.9999,0.0444,0.0007,0.3151
430,0.109278,0.3281,0.9999,0.0456,0.0000,0.3053
431,0.109950,0.3239,0.9999,0.0468,0.0000,0.3005
432,0.110573,0.3247,0.9999,0.0478,0.0000,0.3008
433,0.111142,0.3306,0.9999,0.0489,0.0000,0.3062
434,0.111696,0.3414,0.9999,0.0499,0.0000,0.3165
435,0.112312,0.3570,0.9999,0.0509,0.0004,0.3315
436,0.112885,0.3768,0.9999,0.0519,0.0004,0.3508
437,0.113411,0.4004,0.9999,0.0530,0.0000,0.3740
438,0.113894,0.4273,0.9999,0.0540,0.0000,0.4003
439,0.114338,0.4567,0.9999,0.0551,0.0000,0.4292
440,0.114743,0.4880,0.9999,0.0562,0.0000,0.4599
441,0.113243,0.5203,0.9999,0.0573,0.0007,0.4916
442,0.111635,0.5528,0.9999,0.0584,0.0000,0.5236
443,0.109886,0.5847,0.9999,0.0595,0.0000,0.5549
444,0.107983,0.6151,0.9999,0.0605,0.0000,0.5849
445,0.105889,0.6433,0.9999,0.0613,0.0000,0.6126
446,0.103565,0.6686,0.9999,0.0621,0.0000,0.6375
447,0.100963,0.6902,0.9999,0.0627,0.0000,0.6589
448,0.100295,0.7078,0.9999,0.0631,0.0000,0.6762
449,0.100171,0.7207,0.9999,0.0633,0.0000,0.6890
450,0.100068,0.7287,0.9999,0.0634,0.0052,0.6970
451,0.100010,0.7316,0.9999,0.0632,0.0027,0.7000
452,0.099958,0.7293,0.9999,0.0630,0.0024,0.6978
453,0.099955,0.7219,0.9999,0.0626,0.0000,0.6906
454,0.100049,0.7096,0.9999,0.0621,0.0004,0.6786
455,0.100197,0.6926,0.9999,0.0615,0.0000,0.6619
456,0.100368,0.6715,0.9999,0.0608,0.0000,0.6411
457,0.100550,0.6468,0.9999,0.0601,0.0000,0.6168
458,0.100739,0.6190,0.9999,0.0593,0.0000,0.5894
459,0.100932,0.5890,0.9999,0.0585,0.0000,0.5598
460,0.101122,0.5574,0.9999,0.0577,0.0000,0.5286
461,0.101305,0.5251,0.9999,0.0568,0.0000,0.4967
462,0.102550,0.4928,0.9999,0.0559,0.0000,0.4649
463,0.103727,0.4615,0.9999,0.0550,0.0000,0.4339
464,0.104834,0.4318,0.9999,0.0541,0.0000,0.4047
465,0.105869,0.4045,0.9999,0.0532,0.0000,0.3779
466,0.106832,0.3804,0.9999,0.0523,0.0011,0.3542
467,0.107713,0.3600,0.9999,0.0514,0.0004,0.3343
468,0.108538,0.3438,0.9999,0.0505,0.0024,0.3186
469,0.109272,0.3323,0.9999,0.0496,0.0000,0.3075
470,0.109970,0.3257,0.9999,0.0487,0.0000,0.3013
471,0.110590,0.3241,0.9999,0.0479,0.0004,0.3002
472,0.111175,0.3277,0.9999,0.0470,0.0000,0.3042
473,0.111706,0.3363,0.9999,0.0462,0.0000,0.3132
474,0.112304,0.3497,0.9999,0.0454,0.0000,0.3270
475,0.112891,0.3675,0.9999,0.0446,0.0000,0.3452
476,0.113434,0.3893,0.9999,0.0438,0.0000,0.3674
477,0.113934,0.4144,0.9999,0.0430,0.0004,0.3929
478,0.114394,0.4423,0.9999,0.0423,0.0000,0.4212
479,0.114811,0.4722,0.9999,0.0415,0.0000,0.4515
480,0.113326,0.5034,0.9999,0.0408,0.0004,0.4830
481,0.111729,0.5350,0.9999,0.0400,0.0004,0.5150
482,0.109994,0.5662,0.9999,0.0393,0.0000,0.5466
483,0.108096,0.5963,0.9999,0.0386,0.0004,0.5770
484,0.106008,0.6243,0.9999,0.0379,0.0004,0.6054
485,0.103685,0.6497,0.9999,0.0372,0.0000,0.6311
486,0.101080,0.6717,0.9999,0.0364,0.0000,0.6535
487,0.100412,0.6898,0.9999,0.0357,0.0000,0.6720
488,0.100288,0.7035,0.9999,0.0349,0.0000,0.6860
489,0.100183,0.7124,0.9999,0.0341,0.0004,0.6954
490,0.100105,0.7163,0.9999,0.0332,0.0000,0.6997
491,0.100068,0.7150,0.9999,0.0322,0.0000,0.6989
492,0.100059,0.7086,0.9999,0.0311,0.0000,0.6931
493,0.100112,0.6973,0.9999,0.0300,0.0000,0.6823
494,0.100262,0.6812,0.9999,0.0287,0.0000,0.6668
495,0.100431,0.6608,0.9999,0.0273,0.0000,0.6471
496,0.100614,0.6366,0.9999,0.0258,0.0046,0.6237
497,0.100781,0.6092,0.9999,0.0242,0.0000,0.5970
498,0.101013,0.5792,0.9999,0.0225,0.0000,0.5679
499,0.101206,0.5475,0.9999,0.0207,0.0020,0.5371
500,0.101383,0.5148,0.9999,0.0189,0.0000,0.5053
501,0.102651,0.4819,0.9999,0.0170,0.0007,0.4734
502,0.103832,0.4497,0.9999,0.0151,0.0000,0.4422
503,0.104953,0.4190,0.9999,0.0132,0.0000,0.4124
504,0.105997,0.3906,0.9999,0.0114,0.0000,0.3849
505,0.106969,0.3651,0.9999,0.0097,0.0000,0.3603
506,0.107867,0.3433,0.9999,0.0081,0.0046,0.3393
507,0.108666,0.3256,0.9999,0.0066,0.0000,0.3224
508,0.109459,0.3125,0.9999,0.0051,0.0004,0.3100
509,0.110139,0.3043,0.9999,0.0037,0.0004,0.3025
510,0.110765,0.3012,0.9999,0.0023,0.0024,0.3000
511,0.111359,0.3032,0.9999,0.0011,0.0007,0.3026
512,0.111878,0.3109,0.9999,0.0011,0.0024,0.3103
513,0.112442,0.3238,0.9999,0.0019,0.0023,0.3228
514,0.113033,0.3416,0.9999,0.0033,0.0000,0.3399
515,0.113570,0.3635,0.9999,0.0048,0.0020,0.3610
516,0.114090,0.3889,0.9999,0.0064,0.0000,0.3857
517,0.114539,0.4173,0.9999,0.0079,0.0000,0.4133
518,0.114962,0.4479,0.9999,0.0095,0.0007,0.4432
519,0.115349,0.4799,0.9999,0.0110,0.0000,0.4744
520,0.113866,0.5126,0.9999,0.0126,0.0000,0.5064
521,0.112288,0.5451,0.9999,0.0140,0.0000,0.5381
522,0.110590,0.5766,0.9999,0.0155,0.0000,0.5689
523,0.108750,0.6064,0.9999,0.0169,0.0000,0.5979
524,0.106738,0.6336,0.9999,0.0182,0.0000,0.6245
525,0.104519,0.6576,0.9999,0.0195,0.0000,0.6478
526,0.102046,0.6778,0.9999,0.0208,0.0000,0.6674
527,0.100368,0.6937,0.9999,0.0220,0.0000,0.6827
528,0.100252,0.7049,0.9999,0.0232,0.0000,0.6933
529,0.100157,0.7111,0.9999,0.0242,0.0020,0.6990
530,0.100097,0.7122,0.9999,0.0252,0.0000,0.6996
531,0.100076,0.7082,0.9999,0.0262,0.0024,0.6951
532,0.100069,0.6992,0.9999,0.0270,0.0004,0.6857
533,0.100203,0.6853,0.9999,0.0278,0.0004,0.6714
534,0.100359,0.6671,0.9999,0.0285,0.0004,0.6528
535,0.100531,0.6449,0.9999,0.0292,0.0004,0.6303
536,0.100714,0.6194,0.9999,0.0298,0.0007,0.6045
537,0.100900,0.5913,0.9999,0.0305,0.0000,0.5760
538,0.101093,0.5612,0.9999,0.0312,0.0000,0.5456
539,0.101276,0.5299,0.9999,0.0320,0.0000,0.5139
540,0.102522,0.4984,0.9999,0.0328,0.0000,0.4820
541,0.103703,0.4673,0.9999,0.0337,0.0000,0.4505
542,0.104816,0.4376,0.9999,0.0347,0.0000,0.4202
543,0.105859,0.4099,0.9999,0.0357,0.0000,0.3920
544,0.106830,0.3850,0.9999,0.0368,0.0000,0.3666
545,0.107730,0.3635,0.9999,0.0379,0.0000,0.3446
546,0.108558,0.3460,0.9999,0.0390,0.0000,0.3265
547,0.109316,0.3329,0.9999,0.0402,0.0007,0.3129
548,0.110001,0.3247,0.9999,0.0413,0.0000,0.3040
549,0.110639,0.3214,0.9999,0.0424,0.0004,0.3002
550,0.111231,0.3232,0.9999,0.0435,0.0007,0.3014
551,0.111772,0.3300,0.9999,0.0446,0.0000,0.3078
552,0.112322,0.3418,0.9999,0.0456,0.0000,0.3190
553,0.112915,0.3582,0.9999,0.0466,0.0000,0.3349
554,0.113464,0.3788,0.9999,0.0476,0.0000,0.3550
555,0.113970,0.4030,0.9999,0.0486,0.0000,0.3787
556,0.114435,0.4304,0.9999,0.0495,0.0000,0.4056
557,0.114860,0.4602,0.9999,0.0505,0.0000,0.4349
558,0.115248,0.4916,0.9999,0.0514,0.0000,0.4659
559,0.113775,0.5239,0.9999,0.0523,0.0000,0.4977
560,0.112201,0.5562,0.9999,0.0532,0.0000,0.5296
561,0.110506,0.5878,0.9999,0.0540,0.0000,0.5607
562,0.108669,0.6177,0.9999,0.0548,0.0000,0.5903
563,0.106658,0.6454,0.9999,0.0555,0.0000,0.6176
564,0.104439,0.6700,0.9999,0.0562,0.0000,0.6419
565,0.101967,0.6909,0.9999,0.0567,0.0000,0.6625
566,0.100288,0.7076,0.9999,0.0571,0.0000,0.6790
567,0.100168,0.7196,0.9999,0.0574,0.0000,0.6909
568,0.100069,0.7267,0.9999,0.0575,0.0027,0.6980
569,0.100007,0.7287,0.9999,0.0575,0.0077,0.7000
570,0.099982,0.7255,0.9999,0.0573,0.0000,0.6968
571,0.099986,0.7172,0.9999,0.0571,0.0000,0.6887
572,0.100089,0.7040,0.9999,0.0566,0.0004,0.6757
573,0.100241,0.6863,0.9999,0.0561,0.0000,0.6583
574,0.100416,0.6645,0.9999,0.0554,0.0000,0.6368
575,0.100600,0.6391,0.9999,0.0546,0.0000,0.6118
576,0.100792,0.6108,0.9999,0.0538,0.0000,0.5839
577,0.100985,0.5803,0.9999,0.0528,0.0000,0.5539
578,0.101176,0.5485,0.9999,0.0518,0.0000,0.5225
579,0.101358,0.5160,0.9999,0.0508,0.0000,0.4906
580,0.102603,0.4837,0.9999,0.0497,0.0000,0.4589
581,0.103779,0.4525,0.9999,0.0485,0.0000,0.4282
582,0.104884,0.4231,0.9999,0.0474,0.0000,0.3994
583,0.105916,0.3963,0.9999,0.0463,0.0027,0.3732
584,0.106855,0.3727,0.9999,0.0452,0.0004,0.3501
585,0.107762,0.3530,0.9999,0.0440,0.0000,0.3310
586,0.108574,0.3375,0.9999,0.0429,0.0004,0.3161
587,0.109310,0.3268,0.9999,0.0418,0.0007,0.3059
588,0.109982,0.3211,0.9999,0.0407,0.0000,0.3007
589,0.110609,0.3204,0.9999,0.0396,0.0000,0.3006
590,0.111190,0.3248,0.9999,0.0385,0.0000,0.3056
591,0.111718,0.3342,0.9999,0.0375,0.0000,0.3155
592,0.112336,0.3484,0.9999,0.0364,0.0000,0.3301
593,0.112919,0.3668,0.9999,0.0354,0.0000,0.3491
594,0.113457,0.3892,0.9999,0.0344,0.0000,0.3720
595,0.113952,0.4148,0.9999,0.0334,0.0000,0.3981
596,0.114406,0.4430,0.9999,0.0324,0.0004,0.4268
597,0.114823,0.4731,0.9999,0.0314,0.0000,0.4574
598,0.113330,0.5044,0.9999,0.0305,0.0000,0.4891
599,0.111728,0.5359,0.9999,0.0297,0.0000,0.5210
600,0.109992,0.5669,0.9999,0.0288,0.0000,0.5525
601,0.108096,0.5965,0.9999,0.0280,0.0000,0.5825
602,0.106007,0.6241,0.9999,0.0272,0.0000,0.6105
603,0.103685,0.6489,0.9999,0.0265,0.0004,0.6357
604,0.101086,0.6702,0.9999,0.0258,0.0004,0.6573
605,0.100419,0.6876,0.9999,0.0251,0.0004,0.6750
606,0.100298,0.7004,0.9999,0.0244,0.0004,0.6882
607,0.100196,0.7084,0.9999,0.0237,0.0000,0.6966
608,0.100124,0.7114,0.9999,0.0230,0.0020,0.6999
609,0.100084,0.7093,0.9999,0.0222,0.0000,0.6982
610,0.100088,0.7021,0.9999,0.0214,0.0000,0.6914
611,0.100163,0.6899,0.9999,0.0205,0.0000,0.6797
612,0.100314,0.6732,0.9999,0.0195,0.0004,0.6634
613,0.100482,0.6522,0.9999,0.0185,0.0000,0.6429
614,0.100669,0.6275,0.9999,0.0173,0.0000,0.6188
615,0.100861,0.5997,0.9999,0.0161,0.0000,0.5917
616,0.101056,0.5696,0.9999,0.0147,0.0000,0.5622
617,0.101251,0.5378,0.9999,0.0133,0.0000,0.5311
618,0.101439,0.5051,0.9999,0.0118,0.0018,0.4992
619,0.102679,0.4725,0.9999,0.0102,0.0018,0.4674
620,0.103867,0.4406,0.9999,0.0085,0.0000,0.4364
621,0.104995,0.4104,0.9999,0.0068,0.0000,0.4070
622,0.106035,0.3825,0.9999,0.0050,0.0004,0.3799
623,0.106999,0.3576,0.9999,0.0033,0.0004,0.3560
624,0.107894,0.3365,0.9999,0.0016,0.0021,0.3357
625,0.108690,0.3201,0.9999,0.0010,0.0042,0.3196
626,0.109412,0.3090,0.9999,0.0017,0.0018,0.3082
627,0.110096,0.3032,0.9999,0.0032,0.0000,0.3016
628,0.110728,0.3024,0.9999,0.0046,0.0032,0.3001
629,0.111313,0.3067,0.9999,0.0060,0.0024,0.3037
630,0.111839,0.3160,0.9999,0.0074,0.0000,0.3123
631,0.112435,0.3301,0.9999,0.0087,0.0000,0.3257
632,0.113021,0.3486,0.9999,0.0101,0.0007,0.3436
633,0.113564,0.3712,0.9999,0.0114,0.0000,0.3655
634,0.114054,0.3971,0.9999,0.0128,0.0000,0.3908
635,0.114509,0.4259,0.9999,0.0141,0.0000,0.4189
636,0.114923,0.4568,0.9999,0.0156,0.0000,0.4490
637,0.115300,0.4890,0.9999,0.0170,0.0000,0.4805
638,0.113817,0.5217,0.9999,0.0184,0.0004,0.5124
639,0.112237,0.5540,0.9999,0.0199,0.0004,0.5441
640,0.110537,0.5853,0.9999,0.0213,0.0000,0.5746
641,0.108695,0.6146,0.9999,0.0227,0.0000,0.6032
642,0.106685,0.6412,0.9999,0.0241,0.0000,0.6292
643,0.104469,0.6645,0.9999,0.0254,0.0020,0.6519
644,0.102009,0.6839,0.9999,0.0265,0.0000,0.6707
645,0.100324,0.6989,0.9999,0.0276,0.0020,0.6851
646,0.100220,0.7090,0.9999,0.0285,0.0004,0.6948
647,0.100124,0.7141,0.9999,0.0292,0.0000,0.6995
648,0.100077,0.7141,0.9999,0.0298,0.0000,0.6992
649,0.100058,0.7089,0.9999,0.0303,0.0000,0.6937
650,0.100076,0.6986,0.9999,0.0307,0.0000,0.6833
651,0.100219,0.6837,0.9999,0.0309,0.0000,0.6682
652,0.100380,0.6644,0.9999,0.0311,0.0000,0.6488
653,0.100558,0.6413,0.9999,0.0313,0.0004,0.6257
654,0.100742,0.6150,0.9999,0.0315,0.0007,0.5993
655,0.100932,0.5862,0.9999,0.0316,0.0004,0.5703
656,0.101125,0.5555,0.9999,0.0318,0.0004,0.5396
657,0.101309,0.5239,0.9999,0.0321,0.0000,0.5079
658,0.102558,0.4921,0.9999,0.0324,0.0004,0.4759
659,0.103735,0.4610,0.9999,0.0327,0.0000,0.4446
660,0.104849,0.4313,0.9999,0.0331,0.0000,0.4147
661,0.105889,0.4037,0.9999,0.0336,0.0004,0.3870
662,0.106854,0.3791,0.9999,0.0340,0.0004,0.3621
663,0.107750,0.3580,0.9999,0.0345,0.0004,0.3408
664,0.108574,0.3410,0.9999,0.0349,0.0004,0.3235
665,0.109326,0.3285,0.9999,0.0354,0.0007,0.3108
666,0.110008,0.3208,0.9999,0.0359,0.0004,0.3029
667,0.110640,0.3182,0.9999,0.0363,0.0000,0.3000
668,0.111229,0.3206,0.9999,0.0368,0.0007,0.3022
669,0.111767,0.3282,0.9999,0.0373,0.0007,0.3095
670,0.112337,0.3405,0.9999,0.0377,0.0004,0.3217
671,0.112924,0.3575,0.9999,0.0382,0.0000,0.3384
672,0.113468,0.3786,0.9999,0.0387,0.0004,0.3592
673,0.113974,0.4032,0.9999,0.0392,0.0007,0.3836
674,0.114437,0.4309,0.9999,0.0397,0.0000,0.4110
675,0.114855,0.4608,0.9999,0.0402,0.0000,0.4407
676,0.115242,0.4923,0.9999,0.0407,0.0004,0.4719
677,0.113771,0.5244,0.9999,0.0413,0.0004,0.5038
678,0.112197,0.5565,0.9999,0.0418,0.0000,0.5356
679,0.110502,0.5877,0.9999,0.0423,0.0000,0.5665
680,0.108667,0.6171,0.9999,0.0427,0.0000,0.5957
681,0.106661,0.6440,0.9999,0.0431,0.0000,0.6225
682,0.104446,0.6679,0.9999,0.0435,0.0000,0.6461
683,0.101978,0.6879,0.9999,0.0438,0.0000,0.6660
684,0.100302,0.7036,0.9999,0.0440,0.0000,0.6816
685,0.100187,0.7147,0.9999,0.0441,0.0024,0.6927
686,0.100101,0.7208,0.9999,0.0441,0.0077,0.6988
687,0.100052,0.7218,0.9999,0.0440,0.0004,0.6998
688,0.100022,0.7176,0.9999,0.0438,0.0000,0.6957
689,0.100027,0.7083,0.9999,0.0435,0.0004,0.6866
690,0.100153,0.6942,0.9999,0.0430,0.0000,0.6727
691,0.100314,0.6757,0.9999,0.0424,0.0000,0.6545
692,0.100489,0.6531,0.9999,0.0417,0.0000,0.6323
693,0.100676,0.6271,0.9999,0.0409,0.0000,0.6067
694,0.100870,0.5983,0.9999,0.0399,0.0000,0.5784
695,0.101064,0.5675,0.9999,0.0389,0.0000,0.5480
696,0.101254,0.5354,0.9999,0.0378,0.0000,0.5165
697,0.101436,0.5028,0.9999,0.0366,0.0004,0.4845
698,0.102678,0.4706,0.9999,0.0353,0.0020,0.4530
699,0.103842,0.4396,0.9999,0.0341,0.0004,0.4226
700,0.104958,0.4106,0.9999,0.0328,0.0000,0.3942
701,0.105988,0.3842,0.9999,0.0314,0.0000,0.3685
702,0.106941,0.3612,0.9999,0.0301,0.0007,0.3462
703,0.107814,0.3422,0.9999,0.0288,0.0000,0.3278
704,0.108626,0.3275,0.9999,0.0274,0.0000,0.3138
705,0.109360,0.3176,0.9999,0.0261,0.0007,0.3045
706,0.110026,0.3127,0.9999,0.0248,0.0000,0.3003
707,0.110651,0.3129,0.9999,0.0235,0.0000,0.3011
708,0.111227,0.3182,0.9999,0.0223,0.0020,0.3071
709,0.111777,0.3284,0.9999,0.0210,0.0000,0.3179
710,0.112386,0.3433,0.9999,0.0198,0.0000,0.3334
711,0.112965,0.3625,0.9999,0.0186,0.0000,0.3532
712,0.113500,0.3854,0.9999,0.0174,0.0000,0.3767
713,0.113991,0.4115,0.9999,0.0163,0.0004,0.4034
714,0.114442,0.4401,0.9999,0.0151,0.0000,0.4325
715,0.114850,0.4704,0.9999,0.0140,0.0000,0.4634
716,0.113357,0.5017,0.9999,0.0130,0.0000,0.4952
717,0.111751,0.5331,0.9999,0.0120,0.0000,0.5271
718,0.110013,0.5639,0.9999,0.0111,0.0000,0.5583
719,0.108116,0.5932,0.9999,0.0102,0.0004,0.5880
720,0.106029,0.6203,0.9999,0.0094,0.0000,0.6155
721,0.103707,0.6444,0.9999,0.0087,0.0000,0.6401
722,0.101108,0.6650,0.9999,0.0080,0.0000,0.6610
723,0.100445,0.6816,0.9999,0.0074,0.0000,0.6779
724,0.100327,0.6936,0.9999,0.0069,0.0000,0.6902
725,0.100203,0.7008,0.9999,0.0063,0.0004,0.6976
726,0.100352,0.7029,0.9999,0.0058,0.0004,0.7000
727,0.100160,0.6999,0.9999,0.0053,0.0007,0.6973
728,0.100128,0.6919,0.9999,0.0048,0.0000,0.6895
729,0.100210,0.6791,0.9999,0.0043,0.0000,0.6769
730,0.100363,0.6617,0.9999,0.0037,0.0000,0.6598
731,0.100537,0.6401,0.9999,0.0031,0.0004,0.6386
732,0.100721,0.6151,0.9999,0.0024,0.0000,0.6139
733,0.100917,0.5870,0.9999,0.0016,0.0020,0.5862
734,0.101100,0.5570,0.9999,0.0013,0.0004,0.5564
735,0.101303,0.5257,0.9999,0.0012,0.0004,0.5251
736,0.102556,0.4937,0.9999,0.0012,0.0020,0.4931
737,0.103731,0.4625,0.9999,0.0022,0.0020,0.4614
738,0.104853,0.4323,0.9999,0.0033,0.0000,0.4306
739,0.105918,0.4039,0.9999,0.0045,0.0020,0.4016
740,0.106884,0.3780,0.9999,0.0057,0.0004,0.3751
741,0.107807,0.3553,0.9999,0.0070,0.0000,0.3518
742,0.108647,0.3365,0.9999,0.0083,0.0000,0.3323
743,0.109414,0.3219,0.9999,0.0097,0.0004,0.3171
744,0.110112,0.3120,0.9999,0.0110,0.0000,0.3065
745,0.110753,0.3071,0.9999,0.0123,0.0004,0.3009
746,0.111352,0.3072,0.9999,0.0137,0.0004,0.3004
747,0.111900,0.3125,0.9999,0.0150,0.0000,0.3050
748,0.112413,0.3227,0.9999,0.0164,0.0007,0.3145
749,0.113018,0.3377,0.9999,0.0177,0.0000,0.3288
750,0.113570,0.3570,0.9999,0.0190,0.0000,0.3475
751,0.114086,0.3802,0.9999,0.0203,0.0000,0.3700
752,0.114560,0.4067,0.9999,0.0216,0.0000,0.3959
753,0.114994,0.4359,0.9999,0.0229,0.0020,0.4245
754,0.115400,0.4670,0.9999,0.0241,0.0000,0.4549
755,0.115746,0.4992,0.9999,0.0253,0.0000,0.4865
756,0.114288,0.5318,0.9999,0.0265,0.0000,0.5185
757,0.112740,0.5638,0.9999,0.0276,0.0000,0.5500
758,0.111086,0.5945,0.9999,0.0286,0.0020,0.5802
759,0.109316,0.6232,0.9999,0.0296,0.0004,0.6084
760,0.107372,0.6490,0.9999,0.0305,0.0004,0.6338
761,0.105254,0.6714,0.9999,0.0313,0.0000,0.6558
762,0.102906,0.6897,0.9999,0.0319,0.0000,0.6738
763,0.100281,0.7036,0.9999,0.0325,0.0000,0.6873
764,0.100173,0.7126,0.9999,0.0329,0.0000,0.6961
765,0.100093,0.7165,0.9999,0.0332,0.0000,0.6999
766,0.100052,0.7152,0.9999,0.0334,0.0000,0.6985
767,0.100040,0.7089,0.9999,0.0335,0.0051,0.6921
768,0.100064,0.6975,0.9999,0.0335,0.0028,0.6808
769,0.100233,0.6815,0.9999,0.0333,0.0024,0.6649
770,0.100404,0.6613,0.9999,0.0331,0.0000,0.6447
771,0.100600,0.6373,0.9999,0.0328,0.0004,0.6209
772,0.100783,0.6102,0.9999,0.0325,0.0000,0.5939
773,0.100976,0.5806,0.9999,0.0321,0.0000,0.5646
774,0.101165,0.5494,0.9999,0.0316,0.0000,0.5336
775,0.101348,0.5174,0.9999,0.0312,0.0004,0.5018
776,0.102593,0.4853,0.9999,0.0308,0.0015,0.4699
777,0.103766,0.4540,0.9999,0.0304,0.0024,0.4388
778,0.104872,0.4242,0.9999,0.0300,0.0000,0.4092
779,0.105929,0.3968,0.9999,0.0296,0.0000,0.3820
780,0.106892,0.3724,0.9999,0.0292,0.0000,0.3578
781,0.107782,0.3517,0.9999,0.0289,0.0000,0.3372
782,0.108600,0.3351,0.9999,0.0286,0.0000,0.3208
783,0.109347,0.3231,0.9999,0.0284,0.0000,0.3089
784,0.110027,0.3160,0.9999,0.0281,0.0000,0.3019
785,0.110653,0.3140,0.9999,0.0279,0.0000,0.3000
786,0.111238,0.3171,0.9999,0.0277,0.0000,0.3032
787,0.111769,0.3252,0.9999,0.0275,0.0000,0.3115
788,0.112355,0.3381,0.9999,0.0273,0.0024,0.3245
789,0.112956,0.3556,0.9999,0.0271,0.0004,0.3420
790,0.113487,0.3771,0.9999,0.0269,0.0000,0.3636
791,0.113989,0.4020,0.9999,0.0268,0.0004,0.3886
792,0.114454,0.4299,0.9999,0.0267,0.0000,0.4165
793,0.114874,0.4598,0.9999,0.0266,0.0000,0.4466
794,0.115260,0.4912,0.9999,0.0265,0.0024,0.4779
795,0.113798,0.5231,0.9999,0.0264,0.0024,0.5099
796,0.112219,0.5548,0.9999,0.0264,0.0004,0.5416
797,0.110513,0.5854,0.9999,0.0264,0.0007,0.5722
798,0.108683,0.6142,0.9999,0.0264,0.0024,0.6010
799,0.106686,0.6404,0.9999,0.0264,0.0015,0.6272
800,0.104467,0.6634,0.9999,0.0264,0.0048,0.6502
801,0.102015,0.6825,0.9999,0.0264,0.0000,0.6693
802,0.100321,0.6973,0.9999,0.0263,0.0000,0.6841
803,0.100216,0.7073,0.9999,0.0262,0.0000,0.6942
804,0.100134,0.7124,0.9999,0.0261,0.0000,0.6993
805,0.100087,0.7123,0.9999,0.0258,0.0004,0.6994
806,0.100068,0.7071,0.9999,0.0255,0.0004,0.6943
807,0.100089,0.6968,0.9999,0.0251,0.0000,0.6843
808,0.100235,0.6819,0.9999,0.0245,0.0000,0.6696
809,0.100398,0.6625,0.9999,0.0239,0.0004,0.6505
810,0.100575,0.6392,0.9999,0.0231,0.0000,0.6276
811,0.100767,0.6126,0.9999,0.0223,0.0000,0.6015
812,0.100961,0.5834,0.9999,0.0213,0.0000,0.5727
813,0.101155,0.5522,0.9999,0.0202,0.0000,0.5421
814,0.101345,0.5199,0.9999,0.0191,0.0000,0.5104
815,0.102598,0.4874,0.9999,0.0178,0.0000,0.4785
816,0.103786,0.4553,0.9999,0.0165,0.0000,0.4471
817,0.104906,0.4246,0.9999,0.0152,0.0000,0.4170
818,0.105955,0.3960,0.9999,0.0138,0.0000,0.3891
819,0.106933,0.3702,0.9999,0.0124,0.0020,0.3640
820,0.107825,0.3479,0.9999,0.0110,0.0000,0.3424
821,0.108677,0.3295,0.9999,0.0096,0.0007,0.3248
822,0.109433,0.3157,0.9999,0.0082,0.0000,0.3116
823,0.110133,0.3067,0.9999,0.0068,0.0007,0.3033
824,0.110764,0.3027,0.9999,0.0054,0.0000,0.3001
825,0.111357,0.3039,0.9999,0.0040,0.0000,0.3019
826,0.111902,0.3101,0.9999,0.0026,0.0021,0.3088
827,0.112452,0.3212,0.9999,0.0013,0.0000,0.3205
828,0.113030,0.3375,0.9999,0.0013,0.0049,0.3369
829,0.113605,0.3581,0.9999,0.0013,0.0000,0.3574
830,0.114075,0.3829,0.9999,0.0026,0.0024,0.3816
831,0.114561,0.4107,0.9999,0.0038,0.0000,0.4088
832,0.114974,0.4408,0.9999,0.0050,0.0000,0.4383
833,0.115366,0.4725,0.9999,0.0062,0.0000,0.4694
834,0.113895,0.5049,0.9999,0.0072,0.0000,0.5013
835,0.112322,0.5372,0.9999,0.0083,0.0000,0.5331
836,0.110627,0.5687,0.9999,0.0092,0.0000,0.5641
837,0.108788,0.5985,0.9999,0.0101,0.0000,0.5935
838,0.106777,0.6259,0.9999,0.0109,0.0000,0.6204
839,0.104557,0.6501,0.9999,0.0115,0.0000,0.6443
840,0.102083,0.6706,0.9999,0.0121,0.0000,0.6646
841,0.100403,0.6869,0.9999,0.0126,0.0000,0.6806
842,0.100285,0.6985,0.9999,0.0131,0.0000,0.6920
843,0.100188,0.7052,0.9999,0.0134,0.0020,0.6985
844,0.100126,0.7067,0.9999,0.0137,0.0000,0.6999
845,0.100102,0.7031,0.9999,0.0139,0.0000,0.6962
846,0.100103,0.6945,0.9999,0.0141,0.0000,0.6875
847,0.100213,0.6811,0.9999,0.0142,0.0004,0.6740
848,0.100368,0.6633,0.9999,0.0144,0.0011,0.6561
849,0.100537,0.6414,0.9999,0.0145,0.0004,0.6342
850,0.100727,0.6162,0.9999,0.0147,0.0000,0.6088
851,0.100919,0.5882,0.9999,0.0149,0.0004,0.5807
852,0.101107,0.5581,0.9999,0.0152,0.0000,0.5505
853,0.101297,0.5268,0.9999,0.0155,0.0000,0.5190
854,0.102546,0.4950,0.9999,0.0159,0.0000,0.4871
855,0.103731,0.4636,0.9999,0.0163,0.0000,0.4554
856,0.104849,0.4333,0.9999,0.0168,0.0000,0.4249
857,0.105897,0.4050,0.9999,0.0173,0.0000,0.3964
858,0.106875,0.3794,0.9999,0.0179,0.0004,0.3704
859,0.107778,0.3571,0.9999,0.0185,0.0000,0.3478
860,0.108616,0.3386,0.9999,0.0191,0.0004,0.3291
861,0.109376,0.3246,0.9999,0.0198,0.0000,0.3147
862,0.110075,0.3153,0.9999,0.0205,0.0000,0.3051
863,0.110710,0.3110,0.9999,0.0212,0.0000,0.3004
864,0.111306,0.3118,0.9999,0.0219,0.0000,0.3009
865,0.111850,0.3177,0.9999,0.0226,0.0000,0.3064
866,0.112381,0.3286,0.9999,0.0233,0.0004,0.3169
867,0.112981,0.3441,0.9999,0.0241,0.0007,0.3320
868,0.113536,0.3639,0.9999,0.0248,0.0004,0.3515
869,0.114044,0.3875,0.9999,0.0255,0.0000,0.3747
870,0.114513,0.4143,0.9999,0.0262,0.0000,0.4012
871,0.114944,0.4436,0.9999,0.0269,0.0020,0.4301
872,0.115348,0.4747,0.9999,0.0276,0.0004,0.4609
873,0.113867,0.5068,0.9999,0.0283,0.0007,0.4926
874,0.112300,0.5390,0.9999,0.0289,0.0004,0.5246
875,0.110607,0.5707,0.9999,0.0296,0.0000,0.5559
876,0.108770,0.6008,0.9999,0.0302,0.0000,0.5858
877,0.106761,0.6288,0.9999,0.0307,0.0000,0.6134
878,0.104540,0.6538,0.9999,0.0311,0.0000,0.6382
879,0.102064,0.6753,0.9999,0.0315,0.0000,0.6595
880,0.100381,0.6926,0.9999,0.0318,0.0000,0.6767
881,0.100260,0.7054,0.9999,0.0320,0.0000,0.6894
882,0.100157,0.7132,0.9999,0.0321,0.0101,0.6972
883,0.100118,0.7160,0.9999,0.0320,0.0004,0.7000
884,0.100062,0.7136,0.9999,0.0319,0.0000,0.6977
885,0.100057,0.7061,0.9999,0.0316,0.0000,0.6903
886,0.100139,0.6937,0.9999,0.0312,0.0004,0.6781
887,0.100288,0.6766,0.9999,0.0306,0.0000,0.6613
888,0.100461,0.6554,0.9999,0.0300,0.0000,0.6404
889,0.100644,0.6306,0.9999,0.0293,0.0000,0.6160
890,0.100835,0.6027,0.9999,0.0284,0.0000,0.5885
891,0.101029,0.5726,0.9999,0.0276,0.0004,0.5588
892,0.101218,0.5409,0.9999,0.0266,0.0020,0.5276
893,0.101394,0.5085,0.9999,0.0257,0.0004,0.4957
894,0.102654,0.4762,0.9999,0.0247,0.0000,0.4639
895,0.103834,0.4448,0.9999,0.0237,0.0007,0.4330
896,0.104936,0.4152,0.9999,0.0227,0.0000,0.4038
897,0.105976,0.3880,0.9999,0.0217,0.0007,0.3771
898,0.106932,0.3639,0.9999,0.0207,0.0000,0.3536
899,0.107826,0.3436,0.9999,0.0198,0.0000,0.3337
900,0.108641,0.3276,0.9999,0.0188,0.0000,0.3181
901,0.109385,0.3162,0.9999,0.0179,0.0000,0.3072
902,0.110061,0.3097,0.9999,0.0171,0.0000,0.3012
903,0.110687,0.3084,0.9999,0.0162,0.0000,0.3003
904,0.111272,0.3121,0.9999,0.0154,0.0020,0.3044
905,0.111808,0.3209,0.9999,0.0146,0.0000,0.3136
906,0.112400,0.3344,0.9999,0.0138,0.0000,0.3275
907,0.112987,0.3524,0.9999,0.0130,0.0004,0.3458
908,0.113531,0.3743,0.9999,0.0123,0.0000,0.3681
909,0.114028,0.3996,1.0000,0.0116,0.0000,0.3938
910,0.114486,0.4276,1.0000,0.0110,0.0000,0.4221
911,0.114904,0.4576,1.0000,0.0103,0.0004,0.4524
912,0.115288,0.4889,1.0000,0.0098,0.0000,0.4840
913,0.113809,0.5206,1.0000,0.0092,0.0000,0.5160
914,0.112234,0.5519,1.0000,0.0088,0.0000,0.5475
915,0.110541,0.5820,1.0000,0.0083,0.0000,0.5779
916,0.108708,0.6102,1.0000,0.0080,0.0000,0.6062
917,0.106705,0.6357,1.0000,0.0076,0.0000,0.6319
918,0.104496,0.6578,1.0000,0.0073,0.0004,0.6541
919,0.102036,0.6760,1.0000,0.0070,0.0004,0.6725
920,0.100367,0.6898,1.0000,0.0068,0.0004,0.6864
921,0.100234,0.6988,1.0000,0.0065,0.0004,0.6956
922,0.100363,0.7029,1.0000,0.0063,0.0000,0.6997
923,0.100165,0.7018,1.0000,0.0060,0.0004,0.6988
924,0.100123,0.6956,1.0000,0.0056,0.0000,0.6928
925,0.100155,0.6845,1.0000,0.0052,0.0000,0.6819
926,0.100305,0.6687,1.0000,0.0047,0.0000,0.6663
927,0.100473,0.6485,1.0000,0.0042,0.0004,0.6465
928,0.100653,0.6247,1.0000,0.0035,0.0000,0.6229
929,0.100846,0.5976,1.0000,0.0028,0.0000,0.5962
930,0.101043,0.5680,1.0000,0.0020,0.0020,0.5670
931,0.101224,0.5368,1.0000,0.0014,0.0000,0.5361
932,0.101424,0.5050,1.0000,0.0013,0.0024,0.5043
933,0.102657,0.4731,1.0000,0.0013,0.0020,0.4724
934,0.103839,0.4423,1.0000,0.0021,0.0000,0.4412
935,0.104960,0.4132,1.0000,0.0033,0.0020,0.4115
936,0.105980,0.3863,1.0000,0.0045,0.0000,0.3841
937,0.106958,0.3625,1.0000,0.0058,0.0004,0.3596
938,0.107843,0.3422,1.0000,0.0071,0.0004,0.3387
939,0.108660,0.3261,1.0000,0.0084,0.0000,0.3219
940,0.109409,0.3145,1.0000,0.0097,0.0007,0.3097
941,0.110084,0.3078,1.0000,0.0109,0.0004,0.3023
942,0.110717,0.3061,1.0000,0.0122,0.0004,0.3000
943,0.111302,0.3095,1.0000,0.0135,0.0000,0.3028
944,0.111833,0.3180,1.0000,0.0147,0.0020,0.3106
945,0.112434,0.3313,1.0000,0.0159,0.0000,0.3233
946,0.113004,0.3491,1.0000,0.0171,0.0000,0.3405
947,0.113546,0.3709,1.0000,0.0183,0.0000,0.3617
948,0.114045,0.3963,1.0000,0.0195,0.0000,0.3865
949,0.114501,0.4245,1.0000,0.0206,0.0000,0.4142
950,0.114918,0.4549,1.0000,0.0217,0.0000,0.4441
951,0.115298,0.4868,1.0000,0.0227,0.0000,0.4754
952,0.113819,0.5192,1.0000,0.0237,0.0020,0.5073
953,0.112249,0.5514,1.0000,0.0246,0.0004,0.5391
954,0.110539,0.5826,1.0000,0.0254,0.0004,0.5698
955,0.108701,0.6119,1.0000,0.0262,0.0000,0.5988
956,0.106690,0.6387,1.0000,0.0268,0.0000,0.6253
957,0.104475,0.6622,1.0000,0.0274,0.0000,0.6485
958,0.102008,0.6819,1.0000,0.0278,0.0000,0.6679
959,0.100334,0.6972,1.0000,0.0282,0.0000,0.6831
960,0.100220,0.7078,1.0000,0.0284,0.0000,0.6936
961,0.100130,0.7134,1.0000,0.0285,0.0024,0.6991
962,0.100076,0.7138,1.0000,0.0285,0.0031,0.6996
963,0.100048,0.7091,1.0000,0.0284,0.0024,0.6949
964,0.100060,0.6994,1.0000,0.0283,0.0024,0.6853
965,0.100200,0.6849,1.0000,0.0280,0.0004,0.6709
966,0.100374,0.6661,1.0000,0.0277,0.0000,0.6522
967,0.100549,0.6433,1.0000,0.0274,0.0000,0.6296
968,0.100733,0.6172,1.0000,0.0271,0.0000,0.6037
969,0.100923,0.5884,1.0000,0.0267,0.0011,0.5751
970,0.101107,0.5578,1.0000,0.0264,0.0004,0.5446
971,0.101300,0.5260,1.0000,0.0261,0.0004,0.5130
972,0.102550,0.4939,1.0000,0.0258,0.0020,0.4810
973,0.103724,0.4623,1.0000,0.0255,0.0004,0.4495
974,0.104853,0.4320,1.0000,0.0253,0.0024,0.4193
975,0.105885,0.4038,1.0000,0.0251,0.0000,0.3912
976,0.106879,0.3784,1.0000,0.0250,0.0000,0.3659
977,0.107778,0.3564,1.0000,0.0249,0.0000,0.3439
978,0.108606,0.3384,1.0000,0.0248,0.0024,0.3260
979,0.109348,0.3249,1.0000,0.0248,0.0024,0.3125
980,0.110046,0.3162,1.0000,0.0248,0.0004,0.3038
981,0.110689,0.3125,1.0000,0.0248,0.0000,0.3001
982,0.111274,0.3140,1.0000,0.0248,0.0004,0.3015
983,0.111815,0.3205,1.0000,0.0249,0.0004,0.3080
984,0.112360,0.3319,1.0000,0.0249,0.0024,0.3194
985,0.112966,0.3479,1.0000,0.0250,0.0000,0.3354
986,0.113502,0.3682,1.0000,0.0250,0.0000,0.3556
987,0.114015,0.3921,1.0000,0.0251,0.0000,0.3795
988,0.114487,0.4191,1.0000,0.0252,0.0000,0.4065
989,0.114919,0.4485,1.0000,0.0253,0.0004,0.4359
990,0.115315,0.4796,1.0000,0.0254,0.0007,0.4669
991,0.113848,0.5115,1.0000,0.0255,0.0000,0.4987
992,0.112274,0.5434,1.0000,0.0256,0.0007,0.5306
993,0.110588,0.5746,1.0000,0.0258,0.0020,0.5617
994,0.108759,0.6041,1.0000,0.0259,0.0000,0.5912
995,0.106739,0.6314,1.0000,0.0259,0.0028,0.6184
996,0.104535,0.6556,1.0000,0.0260,0.0054,0.6426
997,0.102069,0.6761,1.0000,0.0260,0.0028,0.6631
998,0.100373,0.6924,1.0000,0.0259,0.0000,0.6795
999,0.100250,0.7041,1.0000,0.0258,0.0000,0.6912
1000,0.100161,0.7109,1.0000,0.0255,0.0011,0.6981
1001,0.100098,0.7126,1.0000,0.0252,0.0004,0.6999
1002,0.100076,0.7091,1.0000,0.0248,0.0000,0.6967
1003,0.100079,0.7005,1.0000,0.0242,0.0004,0.6884
1004,0.100187,0.6870,1.0000,0.0236,0.0000,0.6752
1005,0.100347,0.6690,1.0000,0.0228,0.0020,0.6577
1006,0.100511,0.6470,1.0000,0.0219,0.0004,0.6360
1007,0.100710,0.6214,1.0000,0.0209,0.0000,0.6109
1008,0.100905,0.5929,1.0000,0.0198,0.0000,0.5830
1009,0.101099,0.5623,1.0000,0.0186,0.0000,0.5530
1010,0.101291,0.5302,1.0000,0.0173,0.0000,0.5216
1011,0.102546,0.4976,1.0000,0.0160,0.0000,0.4896
1012,0.103738,0.4653,1.0000,0.0147,0.0000,0.4579
1013,0.104864,0.4339,1.0000,0.0133,0.0000,0.4273
1014,0.105921,0.4045,1.0000,0.0119,0.0000,0.3986
1015,0.106908,0.3776,1.0000,0.0105,0.0007,0.3724
1016,0.107818,0.3540,1.0000,0.0091,0.0004,0.3495
1017,0.108667,0.3343,1.0000,0.0077,0.0004,0.3304
1018,0.109441,0.3189,1.0000,0.0064,0.0020,0.3157
1019,0.110137,0.3082,1.0000,0.0050,0.0000,0.3057
1020,0.110794,0.3025,1.0000,0.0037,0.0000,0.3006
1021,0.111385,0.3019,1.0000,0.0024,0.0021,0.3007
1022,0.111945,0.3064,1.0000,0.0012,0.0004,0.3058
1023,0.112429,0.3165,1.0000,0.0013,0.0004,0.3159
1024,0.113030,0.3313,1.0000,0.0013,0.0041,0.3307
1025,0.113607,0.3510,1.0000,0.0024,0.0004,0.3498
1026,0.114101,0.3745,1.0000,0.0035,0.0020,0.3728
1027,0.114591,0.4013,1.0000,0.0046,0.0000,0.3990
1028,0.115014,0.4306,1.0000,0.0056,0.0000,0.4277
1029,0.115413,0.4617,1.0000,0.0066,0.0020,0.4584
1030,0.115786,0.4939,1.0000,0.0076,0.0000,0.4901
1031,0.114312,0.5262,1.0000,0.0084,0.0000,0.5220
1032,0.112766,0.5580,1.0000,0.0092,0.0020,0.5534
1033,0.111125,0.5884,1.0000,0.0099,0.0000,0.5834
1034,0.109334,0.6166,1.0000,0.0106,0.0000,0.6113
1035,0.107406,0.6419,1.0000,0.0111,0.0000,0.6364
1036,0.105292,0.6638,1.0000,0.0116,0.0000,0.6579
1037,0.102949,0.6815,1.0000,0.0120,0.0000,0.6755
1038,0.100326,0.6947,1.0000,0.0124,0.0000,0.6885
1039,0.100221,0.7031,1.0000,0.0127,0.0000,0.6968
1040,0.100145,0.7065,1.0000,0.0130,0.0004,0.7000
1041,0.100107,0.7047,1.0000,0.0133,0.0007,0.6981
1042,0.100096,0.6978,1.0000,0.0135,0.0004,0.6911
1043,0.100163,0.6861,1.0000,0.0138,0.0004,0.6792
1044,0.100312,0.6699,1.0000,0.0141,0.0000,0.6628
1045,0.100482,0.6494,1.0000,0.0144,0.0000,0.6422
1046,0.100661,0.6254,1.0000,0.0148,0.0004,0.6180
1047,0.100847,0.5984,1.0000,0.0152,0.0000,0.5908
1048,0.101039,0.5691,1.0000,0.0157,0.0000,0.5612
1049,0.101227,0.5383,1.0000,0.0163,0.0000,0.5301
1050,0.101407,0.5067,1.0000,0.0170,0.0004,0.4982
1051,0.102648,0.4752,1.0000,0.0177,0.0000,0.4664
1052,0.103826,0.4446,1.0000,0.0184,0.0004,0.4354
1053,0.104927,0.4157,1.0000,0.0193,0.0000,0.4061
1054,0.105962,0.3892,1.0000,0.0201,0.0000,0.3792
1055,0.106920,0.3658,1.0000,0.0210,0.0000,0.3553
1056,0.107805,0.3461,1.0000,0.0220,0.0000,0.3352
1057,0.108617,0.3307,1.0000,0.0229,0.0000,0.3192
1058,0.109358,0.3198,1.0000,0.0239,0.0004,0.3079
1059,0.110031,0.3139,1.0000,0.0248,0.0028,0.3015
1060,0.110668,0.3130,1.0000,0.0258,0.0007,0.3001
1061,0.111240,0.3173,1.0000,0.0267,0.0007,0.3039
1062,0.111768,0.3265,1.0000,0.0276,0.0000,0.3127
1063,0.112374,0.3405,1.0000,0.0285,0.0000,0.3262
1064,0.112956,0.3589,1.0000,0.0294,0.0000,0.3442
1065,0.113493,0.3814,1.0000,0.0303,0.0004,0.3662
1066,0.113989,0.4072,1.0000,0.0312,0.0000,0.3916
1067,0.114439,0.4358,1.0000,0.0320,0.0000,0.4198
1068,0.114852,0.4664,1.0000,0.0328,0.0000,0.4500
1069,0.115228,0.4982,1.0000,0.0335,0.0000,0.4815
1070,0.113746,0.5306,1.0000,0.0343,0.0000,0.5134
1071,0.112166,0.5625,1.0000,0.0349,0.0000,0.5451
1072,0.110469,0.5933,1.0000,0.0355,0.0000,0.5755
1073,0.108632,0.6221,1.0000,0.0361,0.0000,0.6041
1074,0.106627,0.6482,1.0000,0.0365,0.0000,0.6299
1075,0.104416,0.6709,1.0000,0.0368,0.0000,0.6525
1076,0.101954,0.6897,1.0000,0.0371,0.0000,0.6712
1077,0.100286,0.7040,1.0000,0.0372,0.0028,0.6855
1078,0.100186,0.7136,1.0000,0.0371,0.0077,0.6950
1079,0.100114,0.7181,1.0000,0.0370,0.0000,0.6996
1080,0.100058,0.7174,1.0000,0.0368,0.0000,0.6991
1081,0.100042,0.7116,1.0000,0.0364,0.0023,0.6935
1082,0.100065,0.7009,1.0000,0.0359,0.0000,0.6829
1083,0.100227,0.6853,1.0000,0.0353,0.0000,0.6677
1084,0.100390,0.6655,1.0000,0.0346,0.0000,0.6482
1085,0.100569,0.6418,1.0000,0.0339,0.0000,0.6249
1086,0.100757,0.6149,1.0000,0.0331,0.0000,0.5984
1087,0.100949,0.5855,1.0000,0.0322,0.0000,0.5694
1088,0.101141,0.5543,1.0000,0.0313,0.0000,0.5386
1089,0.101327,0.5221,1.0000,0.0304,0.0004,0.5069
1090,0.102574,0.4897,1.0000,0.0296,0.0031,0.4749
1091,0.103741,0.4580,1.0000,0.0287,0.0004,0.4437
1092,0.104878,0.4277,1.0000,0.0278,0.0000,0.4138
1093,0.105921,0.3997,1.0000,0.0270,0.0004,0.3861
1094,0.106888,0.3745,1.0000,0.0262,0.0000,0.3614
1095,0.107788,0.3529,1.0000,0.0254,0.0000,0.3402
1096,0.108613,0.3354,1.0000,0.0247,0.0000,0.3231
1097,0.109368,0.3225,1.0000,0.0240,0.0000,0.3105
1098,0.110055,0.3144,1.0000,0.0233,0.0000,0.3027
1099,0.110685,0.3113,1.0000,0.0227,0.0000,0.3000
1100,0.111276,0.3134,1.0000,0.0220,0.0000,0.3024
1101,0.111815,0.3205,1.0000,0.0214,0.0000,0.3098
1102,0.112377,0.3325,1.0000,0.0208,0.0004,0.3221
1103,0.112973,0.3491,1.0000,0.0202,0.0000,0.3390
1104,0.113521,0.3698,1.0000,0.0197,0.0000,0.3599
1105,0.114029,0.3940,1.0000,0.0191,0.0000,0.3844
1106,0.114496,0.4213,1.0000,0.0186,0.0000,0.4119
1107,0.114923,0.4507,1.0000,0.0182,0.0004,0.4417
1108,0.115315,0.4817,1.0000,0.0177,0.0000,0.4729
1109,0.113842,0.5134,1.0000,0.0173,0.0000,0.5048
1110,0.112271,0.5450,1.0000,0.0169,0.0000,0.5366
1111,0.110581,0.5757,1.0000,0.0165,0.0004,0.5675
1112,0.108749,0.6047,1.0000,0.0162,0.0004,0.5966
1113,0.106743,0.6312,1.0000,0.0159,0.0004,0.6233
1114,0.104528,0.6545,1.0000,0.0155,0.0007,0.6468
1115,0.102061,0.6742,1.0000,0.0152,0.0000,0.6665
1116,0.100383,0.6895,1.0000,0.0149,0.0000,0.6821
1117,0.100271,0.7002,1.0000,0.0145,0.0000,0.6929
1118,0.100180,0.7059,1.0000,0.0140,0.0020,0.6989
1119,0.100125,0.7065,1.0000,0.0135,0.0000,0.6997
1120,0.100110,0.7019,1.0000,0.0129,0.0004,0.6955
1121,0.100116,0.6924,1.0000,0.0122,0.0000,0.6862
1122,0.100255,0.6780,1.0000,0.0115,0.0000,0.6722
1123,0.100416,0.6591,1.0000,0.0106,0.0000,0.6538
1124,0.100594,0.6363,1.0000,0.0096,0.0000,0.6315
1125,0.100782,0.6101,1.0000,0.0085,0.0000,0.6058
1126,0.100976,0.5811,1.0000,0.0074,0.0000,0.5774
1127,0.101172,0.5501,1.0000,0.0061,0.0000,0.5471
1128,0.101363,0.5179,1.0000,0.0047,0.0000,0.5155
1129,0.102619,0.4852,1.0000,0.0033,0.0000,0.4835
1130,0.103810,0.4529,1.0000,0.0019,0.0020,0.4520
1131,0.104909,0.4223,1.0000,0.0012,0.0004,0.4217
1132,0.105963,0.3940,1.0000,0.0012,0.0061,0.3934
1133,0.106894,0.3691,1.0000,0.0027,0.0000,0.3678
1134,0.107843,0.3477,1.0000,0.0043,0.0027,0.3455
1135,0.108646,0.3302,1.0000,0.0058,0.0004,0.3273
1136,0.109424,0.3171,1.0000,0.0074,0.0011,0.3134
1137,0.110107,0.3088,1.0000,0.0089,0.0000,0.3043
1138,0.110747,0.3054,1.0000,0.0103,0.0020,0.3002
1139,0.111339,0.3071,1.0000,0.0118,0.0000,0.3012
1140,0.111873,0.3139,1.0000,0.0132,0.0000,0.3073
1141,0.112425,0.3256,1.0000,0.0146,0.0000,0.3183
1142,0.113019,0.3420,1.0000,0.0159,0.0000,0.3340
1143,0.113568,0.3625,1.0000,0.0173,0.0000,0.3539
1144,0.114075,0.3868,1.0000,0.0186,0.0000,0.3775
1145,0.114541,0.4142,1.0000,0.0198,0.0000,0.4043
1146,0.114966,0.4440,1.0000,0.0211,0.0000,0.4335
1147,0.115354,0.4755,1.0000,0.0222,0.0020,0.4644
1148,0.113891,0.5078,1.0000,0.0233,0.0004,0.4962
1149,0.112303,0.5403,1.0000,0.0244,0.0004,0.5281
1150,0.110609,0.5719,1.0000,0.0253,0.0000,0.5593
1151,0.108768,0.6020,1.0000,0.0262,0.0000,0.5889
1152,0.106756,0.6298,1.0000,0.0270,0.0000,0.6163
1153,0.104534,0.6546,1.0000,0.0276,0.0000,0.6408
1154,0.102058,0.6757,1.0000,0.0282,0.0000,0.6616
1155,0.100376,0.6926,1.0000,0.0286,0.0000,0.6783
1156,0.100256,0.7049,1.0000,0.0290,0.0000,0.6905
1157,0.100155,0.7124,1.0000,0.0292,0.0000,0.6978
1158,0.100087,0.7147,1.0000,0.0294,0.0000,0.7000
1159,0.100057,0.7119,1.0000,0.0295,0.0004,0.6971
1160,0.100052,0.7040,1.0000,0.0296,0.0000,0.6892
1161,0.100144,0.6913,1.0000,0.0296,0.0024,0.6765
1162,0.100285,0.6740,1.0000,0.0296,0.0011,0.6592
1163,0.100468,0.6527,1.0000,0.0296,0.0007,0.6379
1164,0.100654,0.6279,1.0000,0.0296,0.0024,0.6131
1165,0.100834,0.6002,1.0000,0.0297,0.0000,0.5853
1166,0.101042,0.5703,1.0000,0.0298,0.0000,0.5554
1167,0.101227,0.5391,1.0000,0.0299,0.0000,0.5241
1168,0.101406,0.5072,1.0000,0.0301,0.0000,0.4922
1169,0.102647,0.4756,1.0000,0.0303,0.0000,0.4604
1170,0.103819,0.4450,1.0000,0.0306,0.0004,0.4297
1171,0.104917,0.4162,1.0000,0.0309,0.0000,0.4008
1172,0.105949,0.3900,1.0000,0.0312,0.0000,0.3744
1173,0.106902,0.3670,1.0000,0.0316,0.0000,0.3512
1174,0.107782,0.3478,1.0000,0.0320,0.0007,0.3318
1175,0.108583,0.3329,1.0000,0.0325,0.0000,0.3167
1176,0.109325,0.3227,1.0000,0.0329,0.0000,0.3063
1177,0.109994,0.3175,1.0000,0.0333,0.0004,0.3008
1178,0.110620,0.3174,1.0000,0.0338,0.0004,0.3005
1179,0.111195,0.3223,1.0000,0.0343,0.0004,0.3052
1180,0.111725,0.3323,1.0000,0.0347,0.0007,0.3149
1181,0.112348,0.3469,1.0000,0.0352,0.0000,0.3293
1182,0.112920,0.3659,1.0000,0.0356,0.0000,0.3481
1183,0.113453,0.3888,1.0000,0.0360,0.0000,0.3708
1184,0.113944,0.4150,1.0000,0.0364,0.0000,0.3968
1185,0.114393,0.4438,1.0000,0.0369,0.0000,0.4254
1186,0.114804,0.4745,1.0000,0.0372,0.0000,0.4559
1187,0.113311,0.5063,1.0000,0.0376,0.0000,0.4875
1188,0.111706,0.5385,1.0000,0.0380,0.0000,0.5195
1189,0.109968,0.5701,1.0000,0.0383,0.0000,0.5510
1190,0.108069,0.6004,1.0000,0.0385,0.0000,0.5811
1191,0.105977,0.6286,1.0000,0.0388,0.0000,0.6092
1192,0.103653,0.6540,1.0000,0.0389,0.0000,0.6345
1193,0.101051,0.6759,1.0000,0.0390,0.0100,0.6564
1194,0.100417,0.6937,1.0000,0.0389,0.0004,0.6742
1195,0.100248,0.7071,1.0000,0.0388,0.0020,0.6877
1196,0.100151,0.7156,1.0000,0.0386,0.0004,0.6963
1197,0.100082,0.7190,1.0000,0.0382,0.0000,0.6999
1198,0.100047,0.7172,1.0000,0.0377,0.0000,0.6984
1199,0.100039,0.7104,1.0000,0.0371,0.0000,0.6918
1200,0.100104,0.6985,1.0000,0.0363,0.0000,0.6804
1201,0.100256,0.6820,1.0000,0.0355,0.0000,0.6643
1202,0.100426,0.6613,1.0000,0.0345,0.0000,0.6440
1203,0.100609,0.6368,1.0000,0.0334,0.0000,0.6201
1204,0.100801,0.6092,1.0000,0.0323,0.0000,0.5931
1205,0.100996,0.5792,1.0000,0.0310,0.0004,0.5637
1206,0.101188,0.5475,1.0000,0.0297,0.0000,0.5326
1207,0.101377,0.5150,1.0000,0.0284,0.0020,0.5008
1208,0.102615,0.4825,1.0000,0.0271,0.0004,0.4689
1209,0.103811,0.4507,1.0000,0.0257,0.0004,0.4378
1210,0.104922,0.4205,1.0000,0.0244,0.0004,0.4083
1211,0.105963,0.3927,1.0000,0.0230,0.0004,0.3812
1212,0.106930,0.3679,1.0000,0.0217,0.0004,0.3571
1213,0.107824,0.3468,1.0000,0.0204,0.0000,0.3366
1214,0.108649,0.3299,1.0000,0.0191,0.0000,0.3203
1215,0.109399,0.3175,1.0000,0.0178,0.0000,0.3086
1216,0.110082,0.3101,1.0000,0.0166,0.0000,0.3018
1217,0.110710,0.3078,1.0000,0.0154,0.0000,0.3001
1218,0.111298,0.3105,1.0000,0.0142,0.0000,0.3034
1219,0.111834,0.3183,1.0000,0.0131,0.0000,0.3118
1220,0.112412,0.3310,1.0000,0.0120,0.0024,0.3250
1221,0.113015,0.3481,1.0000,0.0109,0.0000,0.3426
1222,0.113544,0.3692,1.0000,0.0098,0.0000,0.3643
1223,0.114050,0.3938,1.0000,0.0088,0.0000,0.3895
1224,0.114514,0.4213,1.0000,0.0078,0.0020,0.4174
1225,0.114947,0.4509,1.0000,0.0068,0.0004,0.4475
1226,0.115321,0.4819,1.0000,0.0059,0.0000,0.4789
1227,0.113847,0.5134,1.0000,0.0051,0.0000,0.5109
1228,0.112276,0.5447,1.0000,0.0043,0.0000,0.5426
1229,0.110586,0.5749,1.0000,0.0035,0.0000,0.5732
1230,0.108754,0.6033,1.0000,0.0028,0.0000,0.6019
1231,0.106751,0.6291,1.0000,0.0022,0.0020,0.6280
1232,0.104548,0.6516,1.0000,0.0016,0.0021,0.6508
1233,0.102079,0.6706,1.0000,0.0015,0.0004,0.6698
1234,0.100398,0.6852,1.0000,0.0015,0.0004,0.6845
1235,0.100262,0.6952,1.0000,0.0015,0.0011,0.6944
1236,0.100381,0.7002,1.0000,0.0015,0.0000,0.6994
1237,0.100182,0.7000,1.0000,0.0015,0.0020,0.6993
1238,0.100125,0.6950,1.0000,0.0018,0.0000,0.6941
1239,0.100147,0.6852,1.0000,0.0025,0.0020,0.6839
1240,0.100278,0.6706,1.0000,0.0032,0.0004,0.6691
1241,0.100452,0.6519,1.0000,0.0040,0.0024,0.6499
1242,0.100616,0.6293,1.0000,0.0048,0.0000,0.6269
1243,0.100817,0.6035,1.0000,0.0058,0.0000,0.6006
1244,0.101004,0.5752,1.0000,0.0068,0.0000,0.5718
1245,0.101190,0.5451,1.0000,0.0080,0.0004,0.5411
1246,0.101368,0.5140,1.0000,0.0092,0.0000,0.5094
1247,0.102616,0.4827,1.0000,0.0104,0.0004,0.4775
1248,0.103792,0.4520,1.0000,0.0117,0.0000,0.4461
1249,0.104904,0.4227,1.0000,0.0131,0.0000,0.4161
1250,0.105943,0.3955,1.0000,0.0145,0.0000,0.3883
1251,0.106910,0.3712,1.0000,0.0160,0.0000,0.3633
1252,0.107804,0.3505,1.0000,0.0174,0.0004,0.3417
1253,0.108624,0.3337,1.0000,0.0189,0.0004,0.3243
1254,0.109377,0.3215,1.0000,0.0203,0.0004,0.3113
1255,0.110061,0.3140,1.0000,0.0217,0.0004,0.3032
1256,0.110694,0.3116,1.0000,0.0231,0.0020,0.3000
1257,0.111287,0.3143,1.0000,0.0245,0.0000,0.3020
1258,0.111815,0.3220,1.0000,0.0258,0.0004,0.3091
1259,0.112390,0.3345,1.0000,0.0271,0.0000,0.3210
1260,0.112976,0.3517,1.0000,0.0284,0.0004,0.3375
1261,0.113523,0.3729,1.0000,0.0296,0.0000,0.3581
1262,0.114022,0.3978,1.0000,0.0308,0.0000,0.3824
1263,0.114483,0.4257,1.0000,0.0320,0.0000,0.4096
1264,0.114904,0.4558,1.0000,0.0332,0.0000,0.4392
1265,0.115288,0.4875,1.0000,0.0343,0.0000,0.4704
1266,0.113811,0.5200,1.0000,0.0354,0.0000,0.5023
1267,0.112233,0.5523,1.0000,0.0365,0.0000,0.5341
1268,0.110536,0.5838,1.0000,0.0374,0.0000,0.5650
1269,0.108697,0.6135,1.0000,0.0383,0.0000,0.5943
1270,0.106686,0.6407,1.0000,0.0390,0.0000,0.6212
1271,0.104467,0.6648,1.0000,0.0396,0.0000,0.6450
1272,0.101996,0.6852,1.0000,0.0401,0.0000,0.6651
1273,0.100318,0.7012,1.0000,0.0405,0.0000,0.6810
1274,0.100201,0.7126,1.0000,0.0407,0.0000,0.6922
1275,0.100106,0.7190,1.0000,0.0408,0.0032,0.6986
1276,0.100051,0.7202,1.0000,0.0408,0.0024,0.6998
1277,0.100017,0.7164,1.0000,0.0407,0.0024,0.6960
1278,0.100021,0.7074,1.0000,0.0405,0.0024,0.6871
1279,0.100141,0.6936,1.0000,0.0403,0.0004,0.6735
1280,0.100312,0.6754,1.0000,0.0399,0.0000,0.6555
1281,0.100485,0.6532,1.0000,0.0396,0.0000,0.6334
1282,0.100668,0.6276,1.0000,0.0392,0.0000,0.6080
1283,0.100857,0.5992,1.0000,0.0388,0.0004,0.5798
1284,0.101046,0.5688,1.0000,0.0384,0.0007,0.5495
1285,0.101232,0.5371,1.0000,0.0380,0.0004,0.5180
1286,0.101414,0.5049,1.0000,0.0377,0.0020,0.4861
1287,0.102645,0.4731,1.0000,0.0373,0.0000,0.4545
1288,0.103831,0.4425,1.0000,0.0370,0.0000,0.4240
1289,0.104928,0.4139,1.0000,0.0368,0.0000,0.3955
1290,0.105952,0.3879,1.0000,0.0365,0.0000,0.3697
1291,0.106902,0.3653,1.0000,0.0363,0.0004,0.3472
1292,0.107774,0.3466,1.0000,0.0361,0.0028,0.3286
1293,0.108561,0.3323,1.0000,0.0359,0.0004,0.3143
1294,0.109313,0.3228,1.0000,0.0358,0.0020,0.3049
1295,0.109974,0.3182,1.0000,0.0356,0.0000,0.3004
1296,0.110594,0.3187,1.0000,0.0355,0.0000,0.3010
1297,0.111165,0.3244,1.0000,0.0354,0.0004,0.3067
1298,0.111712,0.3349,1.0000,0.0353,0.0020,0.3173
1299,0.112339,0.3502,1.0000,0.0352,0.0007,0.3326
1300,0.112906,0.3697,1.0000,0.0351,0.0004,0.3522
1301,0.113437,0.3930,1.0000,0.0350,0.0007,0.3755
1302,0.113930,0.4195,1.0000,0.0349,0.0004,0.4020
1303,0.114376,0.4485,1.0000,0.0348,0.0000,0.4311
1304,0.114785,0.4792,1.0000,0.0347,0.0004,0.4619
1305,0.113293,0.5110,1.0000,0.0347,0.0004,0.4936
1306,0.111686,0.5428,1.0000,0.0346,0.0000,0.5255
1307,0.109945,0.5741,1.0000,0.0345,0.0024,0.5568
1308,0.108057,0.6038,1.0000,0.0344,0.0000,0.5866
1309,0.105953,0.6314,1.0000,0.0343,0.0000,0.6143
1310,0.103635,0.6560,1.0000,0.0341,0.0004,0.6390
1311,0.101039,0.6770,1.0000,0.0339,0.0000,0.6601
1312,0.100372,0.6939,1.0000,0.0336,0.0000,0.6771
1313,0.100253,0.7063,1.0000,0.0332,0.0004,0.6897
1314,0.100155,0.7137,1.0000,0.0328,0.0000,0.6974
1315,0.100087,0.7161,1.0000,0.0322,0.0000,0.7000
1316,0.100059,0.7133,1.0000,0.0316,0.0000,0.6975
1317,0.100058,0.7054,1.0000,0.0308,0.0000,0.6900
1318,0.100151,0.6926,1.0000,0.0299,0.0000,0.6776
1319,0.100307,0.6752,1.0000,0.0289,0.0000,0.6607
1320,0.100481,0.6536,1.0000,0.0278,0.0000,0.6397
1321,0.100667,0.6284,1.0000,0.0265,0.0024,0.6151
1322,0.100848,0.6002,1.0000,0.0252,0.0004,0.5876
1323,0.101060,0.5697,1.0000,0.0238,0.0000,0.5579
1324,0.101255,0.5377,1.0000,0.0222,0.0000,0.5266
1325,0.101440,0.5050,1.0000,0.0207,0.0046,0.4947
1326,0.102661,0.4725,1.0000,0.0191,0.0000,0.4629
1327,0.103879,0.4408,1.0000,0.0174,0.0000,0.4321
1328,0.104985,0.4109,1.0000,0.0158,0.0000,0.4030
1329,0.106020,0.3834,1.0000,0.0141,0.0007,0.3764
1330,0.106978,0.3591,1.0000,0.0124,0.0000,0.3529
1331,0.107874,0.3386,1.0000,0.0108,0.0007,0.3332
1332,0.108685,0.3223,1.0000,0.0092,0.0023,0.3177
1333,0.109423,0.3107,1.0000,0.0076,0.0042,0.3069
1334,0.110113,0.3041,1.0000,0.0060,0.0000,0.3011
1335,0.110746,0.3025,1.0000,0.0045,0.0000,0.3003
1336,0.111320,0.3061,1.0000,0.0029,0.0004,0.3046
1337,0.111853,0.3147,1.0000,0.0015,0.0041,0.3139
1338,0.112463,0.3287,1.0000,0.0013,0.0024,0.3280
1339,0.113026,0.3472,1.0000,0.0014,0.0000,0.3465
1340,0.113545,0.3703,1.0000,0.0028,0.0024,0.3689
1341,0.114061,0.3967,1.0000,0.0042,0.0000,0.3946
1342,0.114501,0.4258,1.0000,0.0055,0.0020,0.4230
1343,0.114929,0.4568,1.0000,0.0068,0.0000,0.4534
1344,0.115290,0.4890,1.0000,0.0080,0.0000,0.4850
1345,0.113809,0.5215,1.0000,0.0091,0.0000,0.5170
1346,0.112228,0.5536,1.0000,0.0102,0.0020,0.5485
1347,0.110540,0.5844,1.0000,0.0112,0.0000,0.5788
1348,0.108688,0.6131,1.0000,0.0121,0.0000,0.6071
1349,0.106682,0.6391,1.0000,0.0129,0.0000,0.6326
1350,0.104470,0.6616,1.0000,0.0137,0.0000,0.6548
1351,0.102007,0.6802,1.0000,0.0144,0.0000,0.6730
1352,0.100338,0.6943,1.0000,0.0150,0.0000,0.6868
1353,0.100230,0.7035,1.0000,0.0155,0.0000,0.6958
1354,0.100148,0.7078,1.0000,0.0161,0.0020,0.6998
1355,0.100100,0.7070,1.0000,0.0166,0.0011,0.6987
1356,0.100090,0.7011,1.0000,0.0171,0.0011,0.6925
1357,0.100129,0.6902,1.0000,0.0175,0.0004,0.6814
1358,0.100279,0.6748,1.0000,0.0181,0.0004,0.6657
1359,0.100442,0.6551,1.0000,0.0186,0.0007,0.6458
1360,0.100617,0.6317,1.0000,0.0192,0.0004,0.6221
1361,0.100806,0.6052,1.0000,0.0199,0.0004,0.5953
1362,0.100995,0.5764,1.0000,0.0206,0.0004,0.5661
1363,0.101182,0.5458,1.0000,0.0214,0.0000,0.5352
1364,0.101365,0.5145,1.0000,0.0222,0.0004,0.5033
1365,0.102606,0.4830,1.0000,0.0231,0.0007,0.4714
1366,0.103781,0.4523,1.0000,0.0241,0.0004,0.4403
1367,0.104891,0.4232,1.0000,0.0251,0.0004,0.4106
1368,0.105926,0.3963,1.0000,0.0262,0.0004,0.3833
1369,0.106888,0.3725,1.0000,0.0272,0.0000,0.3589
1370,0.107780,0.3523,1.0000,0.0283,0.0000,0.3381
1371,0.108597,0.3362,1.0000,0.0295,0.0000,0.3215
1372,0.109342,0.3247,1.0000,0.0306,0.0007,0.3094
1373,0.110017,0.3180,1.0000,0.0317,0.0004,0.3022
1374,0.110650,0.3164,1.0000,0.0328,0.0004,0.3000
1375,0.111234,0.3199,1.0000,0.0339,0.0000,0.3030
1376,0.111764,0.3284,1.0000,0.0350,0.0004,0.3110
1377,0.112360,0.3418,1.0000,0.0360,0.0000,0.3238
1378,0.112941,0.3596,1.0000,0.0371,0.0000,0.3411
1379,0.113481,0.3815,1.0000,0.0381,0.0000,0.3625
1380,0.113978,0.4069,1.0000,0.0391,0.0000,0.3874
1381,0.114434,0.4351,1.0000,0.0401,0.0000,0.4151
1382,0.114851,0.4655,1.0000,0.0410,0.0000,0.4451
1383,0.115230,0.4973,1.0000,0.0419,0.0000,0.4764
1384,0.113750,0.5297,1.0000,0.0427,0.0000,0.5083
1385,0.112171,0.5618,1.0000,0.0435,0.0000,0.5401
1386,0.110474,0.5929,1.0000,0.0442,0.0000,0.5708
1387,0.108636,0.6221,1.0000,0.0448,0.0000,0.5997
1388,0.106629,0.6487,1.0000,0.0453,0.0000,0.6260
1389,0.104415,0.6720,1.0000,0.0458,0.0000,0.6492
1390,0.101950,0.6915,1.0000,0.0461,0.0000,0.6685
1391,0.100278,0.7066,1.0000,0.0463,0.0000,0.6835
1392,0.100165,0.7170,1.0000,0.0464,0.0055,0.6938
1393,0.100095,0.7224,1.0000,0.0463,0.0069,0.6992
1394,0.100032,0.7225,1.0000,0.0461,0.0000,0.6995
1395,0.100018,0.7176,1.0000,0.0458,0.0004,0.6947
1396,0.100032,0.7076,1.0000,0.0454,0.0000,0.6849
1397,0.100173,0.6928,0.9999,0.0448,0.0000,0.6704
1398,0.100334,0.6736,0.9999,0.0442,0.0000,0.6516
1399,0.100510,0.6505,0.9999,0.0434,0.0000,0.6288
1400,0.100698,0.6241,0.9999,0.0427,0.0000,0.6028
1401,0.100890,0.5951,0.9999,0.0418,0.0000,0.5742
1402,0.101082,0.5641,0.9999,0.0409,0.0000,0.5436
1403,0.101270,0.5320,0.9999,0.0401,0.0000,0.5120
1404,0.102520,0.4996,0.9999,0.0392,0.0007,0.4800
1405,0.103700,0.4677,0.9999,0.0383,0.0000,0.4486
1406,0.104824,0.4371,0.9999,0.0374,0.0011,0.4184
1407,0.105863,0.4086,0.9999,0.0365,0.0020,0.3904
1408,0.106834,0.3830,0.9999,0.0357,0.0000,0.3651
1409,0.107754,0.3608,0.9999,0.0349,0.0000,0.3433
1410,0.108584,0.3426,0.9999,0.0341,0.0004,0.3255
1411,0.109341,0.3288,0.9999,0.0333,0.0000,0.3122
1412,0.110036,0.3199,0.9999,0.0326,0.0000,0.3036
1413,0.110668,0.3160,0.9999,0.0319,0.0000,0.3001
1414,0.111262,0.3173,0.9999,0.0312,0.0000,0.3017
1415,0.111805,0.3236,0.9999,0.0305,0.0000,0.3083
1416,0.112347,0.3348,0.9999,0.0298,0.0000,0.3199
1417,0.112946,0.3506,0.9999,0.0291,0.0004,0.3360
1418,0.113502,0.3706,0.9999,0.0285,0.0000,0.3563
1419,0.114012,0.3943,0.9999,0.0279,0.0000,0.3803
1420,0.114483,0.4210,0.9999,0.0273,0.0000,0.4074
1421,0.114915,0.4501,0.9999,0.0267,0.0000,0.4368
1422,0.115309,0.4809,0.9999,0.0261,0.0000,0.4678
1423,0.113843,0.5125,0.9999,0.0256,0.0000,0.4997
1424,0.112275,0.5441,1.0000,0.0251,0.0004,0.5316
1425,0.110588,0.5749,1.0000,0.0246,0.0004,0.5626
1426,0.108754,0.6041,1.0000,0.0241,0.0000,0.5921
1427,0.106746,0.6310,1.0000,0.0236,0.0004,0.6192
1428,0.104532,0.6549,1.0000,0.0232,0.0004,0.6433
1429,0.102061,0.6750,1.0000,0.0227,0.0000,0.6637
1430,0.100383,0.6910,1.0000,0.0222,0.0000,0.6799
1431,0.100267,0.7024,1.0000,0.0217,0.0000,0.6915
1432,0.100173,0.7088,1.0000,0.0211,0.0000,0.6983
1433,0.100115,0.7102,1.0000,0.0205,0.0004,0.6999
1434,0.100090,0.7064,1.0000,0.0197,0.0000,0.6965
1435,0.100096,0.6975,1.0000,0.0189,0.0000,0.6880
1436,0.100214,0.6838,1.0000,0.0180,0.0000,0.6748
1437,0.100374,0.6655,1.0000,0.0170,0.0000,0.6570
1438,0.100550,0.6432,1.0000,0.0158,0.0000,0.6353
1439,0.100738,0.6174,1.0000,0.0146,0.0000,0.6101
1440,0.100932,0.5887,1.0000,0.0133,0.0000,0.5821
1441,0.101128,0.5579,1.0000,0.0118,0.0000,0.5520
1442,0.101321,0.5257,1.0000,0.0103,0.0018,0.5206
1443,0.102568,0.4930,1.0000,0.0087,0.0018,0.4886
1444,0.103765,0.4605,1.0000,0.0071,0.0000,0.4570
1445,0.104905,0.4291,1.0000,0.0054,0.0000,0.4264
1446,0.105961,0.3995,1.0000,0.0037,0.0027,0.3977
1447,0.106929,0.3726,1.0000,0.0020,0.0021,0.3716
1448,0.107842,0.3494,1.0000,0.0012,0.0024,0.3488
1449,0.108664,0.3306,1.0000,0.0013,0.0057,0.3299
1450,0.109408,0.3168,1.0000,0.0029,0.0008,0.3153
1451,0.110135,0.3077,1.0000,0.0044,0.0045,0.3054
1452,0.110763,0.3035,1.0000,0.0059,0.0000,0.3005
1453,0.111363,0.3044,1.0000,0.0073,0.0004,0.3007
1454,0.111899,0.3103,1.0000,0.0086,0.0000,0.3060
1455,0.112428,0.3213,1.0000,0.0100,0.0000,0.3163
1456,0.113029,0.3369,1.0000,0.0113,0.0008,0.3312
1457,0.113588,0.3568,1.0000,0.0127,0.0000,0.3505
1458,0.114096,0.3805,1.0000,0.0140,0.0020,0.3735
1459,0.114578,0.4075,1.0000,0.0154,0.0000,0.3998
1460,0.114994,0.4371,1.0000,0.0168,0.0000,0.4287
1461,0.115389,0.4685,1.0000,0.0182,0.0004,0.4594
1462,0.113923,0.5009,1.0000,0.0196,0.0004,0.4911
1463,0.112350,0.5335,1.0000,0.0210,0.0000,0.5230
1464,0.110654,0.5655,1.0000,0.0223,0.0020,0.5544
1465,0.108824,0.5961,1.0000,0.0236,0.0000,0.5843
1466,0.106797,0.6245,1.0000,0.0247,0.0007,0.6122
1467,0.104575,0.6500,1.0000,0.0257,0.0000,0.6371
1468,0.102090,0.6718,1.0000,0.0266,0.0000,0.6586
1469,0.100404,0.6896,1.0000,0.0273,0.0000,0.6760
1470,0.100279,0.7028,1.0000,0.0279,0.0000,0.6889
1471,0.100174,0.7111,1.0000,0.0283,0.0000,0.6969
1472,0.100099,0.7143,1.0000,0.0286,0.0000,0.7000
1473,0.100063,0.7124,1.0000,0.0289,0.0000,0.6979
1474,0.100055,0.7054,1.0000,0.0291,0.0000,0.6908
1475,0.100122,0.6935,1.0000,0.0293,0.0007,0.6788
1476,0.100268,0.6770,1.0000,0.0295,0.0007,0.6622
1477,0.100438,0.6564,1.0000,0.0298,0.0004,0.6415
1478,0.100622,0.6322,1.0000,0.0300,0.0000,0.6172
1479,0.100813,0.6051,1.0000,0.0303,0.0004,0.5899
1480,0.101001,0.5756,1.0000,0.0307,0.0000,0.5603
1481,0.101191,0.5447,1.0000,0.0311,0.0000,0.5291
1482,0.101371,0.5130,1.0000,0.0315,0.0000,0.4972
1483,0.102614,0.4814,1.0000,0.0320,0.0000,0.4654
1484,0.103788,0.4508,1.0000,0.0325,0.0000,0.4345
1485,0.104892,0.4218,1.0000,0.0331,0.0007,0.4052
1486,0.105919,0.3952,1.0000,0.0336,0.0000,0.3784
1487,0.106883,0.3717,1.0000,0.0342,0.0004,0.3546
1488,0.107765,0.3520,1.0000,0.0348,0.0000,0.3346
1489,0.108579,0.3365,1.0000,0.0354,0.0004,0.3188
1490,0.109316,0.3256,1.0000,0.0360,0.0000,0.3076
1491,0.109993,0.3197,1.0000,0.0366,0.0000,0.3014
1492,0.110620,0.3188,1.0000,0.0373,0.0000,0.3002
1493,0.111199,0.3231,1.0000,0.0379,0.0004,0.3041
1494,0.111728,0.3323,1.0000,0.0385,0.0004,0.3130
1495,0.112339,0.3463,1.0000,0.0392,0.0004,0.3267
1496,0.112919,0.3648,1.0000,0.0398,0.0004,0.3449
1497,0.113455,0.3872,1.0000,0.0405,0.0000,0.3669
1498,0.113946,0.4130,1.0000,0.0411,0.0000,0.3924
1499,0.114399,0.4415,1.0000,0.0417,0.0000,0.4207
1500,0.114812,0.4721,1.0000,0.0423,0.0000,0.4509
1501,0.113321,0.5039,1.0000,0.0429,0.0020,0.4825
1502,0.111726,0.5361,1.0000,0.0434,0.0000,0.5144
1503,0.109974,0.5679,1.0000,0.0439,0.0000,0.5460
1504,0.108077,0.5986,0.9999,0.0443,0.0000,0.5764
1505,0.105985,0.6272,0.9999,0.0446,0.0000,0.6049
1506,0.103660,0.6532,0.9999,0.0449,0.0000,0.6307
1507,0.101055,0.6757,0.9999,0.0451,0.0000,0.6531
1508,0.100384,0.6943,0.9999,0.0453,0.0024,0.6717
1509,0.100266,0.7085,0.9999,0.0453,0.0081,0.6858
1510,0.100175,0.7178,0.9999,0.0452,0.0000,0.6952
1511,0.100074,0.7221,0.9999,0.0449,0.0000,0.6997
1512,0.100032,0.7213,0.9999,0.0446,0.0004,0.6990
1513,0.100016,0.7153,0.9999,0.0441,0.0000,0.6932
1514,0.100061,0.7043,0.9999,0.0435,0.0000,0.6825
1515,0.100207,0.6885,0.9999,0.0428,0.0000,0.6671
1516,0.100374,0.6685,0.9999,0.0419,0.0000,0.6475
1517,0.100555,0.6446,0.9999,0.0410,0.0000,0.6241
1518,0.100746,0.6175,0.9999,0.0399,0.0000,0.5975
1519,0.100941,0.5879,0.9999,0.0388,0.0000,0.5685
1520,0.101135,0.5565,0.9999,0.0376,0.0000,0.5377
1521,0.101323,0.5241,0.9999,0.0364,0.0000,0.5059
1522,0.102574,0.4915,0.9999,0.0351,0.0004,0.4740
1523,0.103756,0.4596,0.9999,0.0338,0.0020,0.4427
1524,0.104861,0.4291,0.9999,0.0325,0.0007,0.4129
1525,0.105918,0.4009,0.9999,0.0312,0.0004,0.3853
1526,0.106892,0.3756,0.9999,0.0299,0.0004,0.3607
1527,0.107791,0.3539,0.9999,0.0286,0.0004,0.3396
1528,0.108618,0.3363,0.9999,0.0274,0.0000,0.3226
1529,0.109377,0.3232,0.9999,0.0261,0.0000,0.3102
1530,0.110064,0.3150,0.9999,0.0250,0.0000,0.3026
1531,0.110694,0.3119,0.9999,0.0238,0.0000,0.3000
1532,0.111285,0.3139,0.9999,0.0226,0.0000,0.3025
1533,0.111825,0.3209,0.9999,0.0215,0.0000,0.3101
1534,0.112384,0.3328,0.9999,0.0204,0.0000,0.3226
1535,0.112979,0.3492,0.9999,0.0193,0.0004,0.3396
1536,0.113532,0.3697,0.9999,0.0182,0.0000,0.3606
1537,0.114038,0.3938,0.9999,0.0171,0.0000,0.3853
1538,0.114505,0.4209,0.9999,0.0161,0.0000,0.4128
1539,0.114932,0.4502,0.9999,0.0152,0.0000,0.4426
1540,0.115322,0.4810,0.9999,0.0142,0.0000,0.4739
1541,0.113852,0.5125,0.9999,0.0133,0.0000,0.5058
1542,0.112281,0.5438,0.9999,0.0125,0.0000,0.5376
1543,0.110592,0.5742,0.9999,0.0117,0.0004,0.5684
1544,0.108761,0.6029,0.9999,0.0110,0.0000,0.5975
1545,0.106754,0.6292,0.9999,0.0103,0.0000,0.6240
1546,0.104541,0.6522,1.0000,0.0096,0.0004,0.6474
1547,0.102076,0.6716,1.0000,0.0090,0.0004,0.6671
1548,0.100402,0.6867,1.0000,0.0084,0.0000,0.6825
1549,0.100288,0.6971,1.0000,0.0078,0.0007,0.6932
1550,0.100175,0.7025,1.0000,0.0072,0.0004,0.6990
1551,0.100341,0.7029,1.0000,0.0065,0.0000,0.6997
1552,0.100158,0.6982,1.0000,0.0058,0.0000,0.6953
1553,0.100137,0.6884,1.0000,0.0051,0.0000,0.6859
1554,0.100261,0.6739,1.0000,0.0043,0.0000,0.6717
1555,0.100418,0.6549,1.0000,0.0035,0.0023,0.6532
1556,0.100584,0.6320,1.0000,0.0025,0.0000,0.6308
1557,0.100791,0.6057,1.0000,0.0015,0.0020,0.6050
1558,0.100971,0.5772,1.0000,0.0013,0.0004,0.5765
1559,0.101177,0.5467,1.0000,0.0013,0.0020,0.5461
1560,0.101350,0.5156,1.0000,0.0022,0.0000,0.5145
1561,0.102610,0.4843,1.0000,0.0036,0.0020,0.4825
1562,0.103777,0.4535,1.0000,0.0050,0.0020,0.4510
1563,0.104892,0.4240,1.0000,0.0065,0.0004,0.4208
1564,0.105947,0.3965,1.0000,0.0080,0.0000,0.3925
1565,0.106919,0.3718,1.0000,0.0096,0.0004,0.3670
1566,0.107815,0.3505,1.0000,0.0111,0.0007,0.3449
1567,0.108639,0.3331,1.0000,0.0127,0.0000,0.3268
1568,0.109402,0.3202,1.0000,0.0142,0.0040,0.3131
1569,0.110084,0.3120,1.0000,0.0157,0.0007,0.3041
1570,0.110723,0.3088,1.0000,0.0171,0.0000,0.3002
1571,0.111310,0.3106,1.0000,0.0185,0.0000,0.3014
1572,0.111850,0.3175,1.0000,0.0198,0.0000,0.3076
1573,0.112405,0.3293,1.0000,0.0211,0.0000,0.3188
1574,0.112998,0.3458,1.0000,0.0224,0.0000,0.3345
1575,0.113546,0.3664,1.0000,0.0237,0.0004,0.3546
1576,0.114054,0.3907,1.0000,0.0249,0.0024,0.3783
1577,0.114529,0.4182,1.0000,0.0262,0.0004,0.4051
1578,0.114939,0.4481,1.0000,0.0274,0.0000,0.4344
1579,0.115326,0.4797,1.0000,0.0287,0.0004,0.4653
1580,0.113856,0.5122,1.0000,0.0300,0.0004,0.4972
1581,0.112282,0.5447,1.0000,0.0313,0.0000,0.5291
1582,0.110584,0.5765,1.0000,0.0325,0.0000,0.5602
1583,0.108746,0.6066,1.0000,0.0336,0.0004,0.5898
1584,0.106735,0.6345,1.0000,0.0347,0.0000,0.6171
1585,0.104510,0.6593,1.0000,0.0356,0.0000,0.6415
1586,0.102034,0.6804,1.0000,0.0364,0.0000,0.6622
1587,0.100351,0.6973,1.0000,0.0370,0.0000,0.6788
1588,0.100229,0.7095,1.0000,0.0374,0.0000,0.6908
1589,0.100128,0.7168,1.0000,0.0377,0.0000,0.6979
1590,0.100061,0.7189,1.0000,0.0379,0.0020,0.7000
1591,0.100025,0.7159,1.0000,0.0380,0.0051,0.6969
1592,0.100016,0.7078,1.0000,0.0379,0.0004,0.6889
1593,0.100135,0.6949,1.0000,0.0378,0.0000,0.6760
1594,0.100289,0.6774,1.0000,0.0376,0.0000,0.6586
1595,0.100458,0.6559,1.0000,0.0375,0.0004,0.6372
1596,0.100638,0.6309,0.9999,0.0373,0.0031,0.6122
1597,0.100812,0.6030,0.9999,0.0371,0.0000,0.5844
1598,0.101027,0.5729,0.9999,0.0369,0.0004,0.5545
1599,0.101211,0.5415,0.9999,0.0368,0.0004,0.5231
1600,0.101390,0.5095,0.9999,0.0367,0.0020,0.4912
1601,0.102622,0.4777,0.9999,0.0366,0.0004,0.4594
1602,0.103808,0.4470,0.9999,0.0365,0.0024,0.4288
1603,0.104896,0.4181,0.9999,0.0365,0.0000,0.3999
1604,0.105943,0.3918,0.9999,0.0364,0.0000,0.3736
1605,0.106894,0.3687,0.9999,0.0364,0.0000,0.3505
1606,0.107773,0.3494,0.9999,0.0364,0.0004,0.3313
1607,0.108576,0.3345,0.9999,0.0364,0.0000,0.3163
1608,0.109314,0.3242,0.9999,0.0364,0.0004,0.3061
1609,0.109981,0.3190,0.9999,0.0364,0.0004,0.3007
1610,0.110606,0.3188,0.9999,0.0365,0.0004,0.3005
1611,0.111180,0.3237,0.9999,0.0365,0.0035,0.3054
1612,0.111725,0.3336,0.9999,0.0366,0.0000,0.3153
1613,0.112322,0.3482,0.9999,0.0367,0.0000,0.3299
1614,0.112903,0.3672,0.9999,0.0368,0.0000,0.3488
1615,0.113440,0.3900,0.9999,0.0369,0.0004,0.3716
1616,0.113936,0.4161,0.9999,0.0370,0.0004,0.3976
1617,0.114387,0.4449,0.9999,0.0371,0.0004,0.4263
1618,0.114800,0.4755,0.9999,0.0372,0.0004,0.4569
1619,0.113308,0.5072,0.9999,0.0374,0.0000,0.4885
1620,0.111702,0.5392,0.9999,0.0375,0.0000,0.5205
1621,0.109964,0.5707,0.9999,0.0375,0.0000,0.5519
1622,0.108066,0.6008,0.9999,0.0376,0.0024,0.5820
1623,0.105985,0.6289,0.9999,0.0376,0.0027,0.6100
1624,0.103659,0.6541,0.9999,0.0376,0.0048,0.6352
1625,0.101061,0.6758,0.9999,0.0376,0.0000,0.6570
1626,0.100371,0.6935,0.9999,0.0375,0.0000,0.6747
1627,0.100253,0.7066,0.9999,0.0373,0.0004,0.6880
1628,0.100154,0.7150,0.9999,0.0370,0.0004,0.6965
1629,0.100082,0.7182,0.9999,0.0366,0.0000,0.6999
1630,0.100049,0.7163,0.9999,0.0361,0.0000,0.6983
1631,0.100042,0.7093,0.9999,0.0355,0.0000,0.6915
1632,0.100112,0.6973,0.9999,0.0348,0.0000,0.6799
1633,0.100264,0.6807,0.9999,0.0339,0.0000,0.6637
1634,0.100435,0.6598,0.9999,0.0329,0.0000,0.6433
1635,0.100619,0.6352,0.9999,0.0319,0.0000,0.6193
1636,0.100812,0.6075,0.9999,0.0307,0.0000,0.5922
1637,0.101008,0.5774,0.9999,0.0294,0.0024,0.5627
1638,0.101188,0.5457,0.9999,0.0280,0.0004,0.5317
1639,0.101392,0.5131,0.9999,0.0266,0.0000,0.4998
1640,0.102644,0.4805,0.9999,0.0251,0.0000,0.4679
1641,0.103826,0.4487,0.9999,0.0235,0.0000,0.4369
1642,0.104938,0.4184,0.9999,0.0220,0.0000,0.4075
1643,0.105979,0.3906,0.9999,0.0204,0.0004,0.3804
1644,0.106944,0.3658,0.9999,0.0188,0.0004,0.3564
1645,0.107840,0.3447,0.9999,0.0173,0.0000,0.3360
1646,0.108665,0.3278,0.9999,0.0157,0.0007,0.3199
1647,0.109411,0.3154,0.9999,0.0142,0.0000,0.3083
1648,0.110101,0.3080,0.9999,0.0127,0.0000,0.3017
1649,0.110728,0.3057,0.9999,0.0112,0.0020,0.3001
1650,0.111321,0.3085,0.9999,0.0097,0.0000,0.3036
1651,0.111850,0.3163,0.9999,0.0083,0.0000,0.3121
1652,0.112428,0.3289,0.9999,0.0069,0.0004,0.3255
1653,0.113022,0.3460,0.9999,0.0055,0.0000,0.3433
1654,0.113566,0.3671,0.9999,0.0042,0.0000,0.3651
1655,0.114071,0.3917,0.9999,0.0028,0.0000,0.3903
1656,0.114534,0.4191,1.0000,0.0016,0.0024,0.4183
1657,0.114963,0.4492,1.0000,0.0015,0.0004,0.4485
1658,0.115329,0.4807,1.0000,0.0015,0.0020,0.4799
1659,0.113861,0.5129,1.0000,0.0020,0.0000,0.5119
1660,0.112269,0.5450,1.0000,0.0030,0.0020,0.5435
1661,0.110585,0.5761,1.0000,0.0040,0.0000,0.5741
1662,0.108735,0.6052,1.0000,0.0049,0.0000,0.6027
1663,0.106729,0.6316,1.0000,0.0057,0.0000,0.6288
1664,0.104516,0.6547,1.0000,0.0065,0.0020,0.6515
1665,0.102058,0.6740,1.0000,0.0072,0.0020,0.6704
1666,0.100381,0.6888,1.0000,0.0078,0.0000,0.6849
1667,0.100261,0.6989,1.0000,0.0084,0.0000,0.6947
1668,0.100152,0.7040,1.0000,0.0089,0.0024,0.6995
1669,0.100306,0.7039,1.0000,0.0094,0.0004,0.6992
1670,0.100132,0.6988,1.0000,0.0100,0.0007,0.6939
1671,0.100122,0.6888,1.0000,0.0105,0.0000,0.6835
1672,0.100271,0.6740,1.0000,0.0110,0.0000,0.6685
1673,0.100433,0.6550,1.0000,0.0116,0.0000,0.6492
1674,0.100610,0.6322,1.0000,0.0122,0.0000,0.6261
1675,0.100795,0.6062,1.0000,0.0129,0.0004,0.5998
1676,0.100982,0.5777,1.0000,0.0136,0.0000,0.5709
1677,0.101174,0.5474,1.0000,0.0145,0.0000,0.5402
1678,0.101356,0.5161,1.0000,0.0154,0.0000,0.5084
1679,0.102601,0.4846,1.0000,0.0163,0.0000,0.4765
1680,0.103780,0.4538,1.0000,0.0173,0.0004,0.4451
1681,0.104888,0.4244,1.0000,0.0184,0.0000,0.4152
1682,0.105930,0.3972,1.0000,0.0195,0.0000,0.3874
1683,0.106897,0.3729,1.0000,0.0206,0.0000,0.3625
1684,0.107791,0.3521,1.0000,0.0218,0.0000,0.3411
1685,0.108613,0.3353,1.0000,0.0230,0.0000,0.3238
1686,0.109364,0.3231,1.0000,0.0242,0.0000,0.3110
1687,0.110048,0.3157,1.0000,0.0254,0.0007,0.3030
1688,0.110681,0.3133,1.0000,0.0266,0.0028,0.3000
1689,0.111274,0.3161,1.0000,0.0278,0.0007,0.3022
1690,0.111802,0.3238,1.0000,0.0290,0.0004,0.3094
1691,0.112374,0.3365,1.0000,0.0301,0.0000,0.3214
1692,0.112961,0.3537,1.0000,0.0313,0.0000,0.3380
1693,0.113506,0.3750,1.0000,0.0324,0.0000,0.3588
1694,0.114008,0.3999,1.0000,0.0335,0.0004,0.3832
1695,0.114471,0.4278,1.0000,0.0346,0.0000,0.4105
1696,0.114889,0.4580,1.0000,0.0356,0.0000,0.4402
1697,0.115272,0.4897,1.0000,0.0366,0.0000,0.4713
1698,0.113795,0.5220,1.0000,0.0376,0.0000,0.5032
1699,0.112218,0.5543,1.0000,0.0385,0.0000,0.5351
1700,0.110521,0.5857,1.0000,0.0393,0.0000,0.5660
1701,0.108683,0.6153,1.0000,0.0401,0.0000,0.5952
1702,0.106673,0.6424,1.0000,0.0408,0.0000,0.6220
1703,0.104456,0.6664,1.0000,0.0414,0.0000,0.6457
1704,0.101986,0.6866,1.0000,0.0418,0.0000,0.6657
1705,0.100309,0.7025,1.0000,0.0422,0.0000,0.6814
1706,0.100193,0.7137,1.0000,0.0424,0.0000,0.6925
1707,0.100099,0.7199,0.9999,0.0425,0.0056,0.6987
1708,0.100053,0.7210,0.9999,0.0425,0.0049,0.6998
1709,0.100007,0.7169,0.9999,0.0423,0.0020,0.6958
1710,0.100024,0.7078,0.9999,0.0420,0.0000,0.6868
1711,0.100161,0.6938,0.9999,0.0417,0.0004,0.6730
1712,0.100314,0.6754,0.9999,0.0412,0.0000,0.6548
1713,0.100489,0.6530,0.9999,0.0406,0.0000,0.6327
1714,0.100674,0.6271,0.9999,0.0400,0.0000,0.6071
1715,0.100865,0.5985,0.9999,0.0393,0.0000,0.5789
1716,0.101057,0.5679,0.9999,0.0386,0.0000,0.5486
1717,0.101245,0.5360,0.9999,0.0378,0.0000,0.5171
1718,0.101424,0.5036,0.9999,0.0371,0.0007,0.4851
1719,0.102661,0.4717,0.9999,0.0364,0.0000,0.4535
1720,0.103839,0.4409,0.9999,0.0356,0.0007,0.4231
1721,0.104932,0.4121,0.9999,0.0349,0.0024,0.3947
1722,0.105948,0.3861,0.9999,0.0342,0.0000,0.3689
1723,0.106919,0.3633,0.9999,0.0336,0.0000,0.3465
1724,0.107792,0.3445,0.9999,0.0329,0.0004,0.3281
1725,0.108590,0.3302,0.9999,0.0323,0.0000,0.3140
1726,0.109324,0.3205,0.9999,0.0318,0.0000,0.3047
1727,0.109990,0.3159,0.9999,0.0312,0.0000,0.3003
1728,0.110613,0.3164,0.9999,0.0306,0.0000,0.3011
1729,0.111186,0.3220,0.9999,0.0301,0.0000,0.3069
1730,0.111733,0.3325,0.9999,0.0296,0.0000,0.3177
1731,0.112354,0.3477,0.9999,0.0291,0.0004,0.3331
1732,0.112932,0.3671,0.9999,0.0286,0.0000,0.3528
1733,0.113461,0.3903,0.9999,0.0281,0.0000,0.3763
1734,0.113952,0.4167,0.9999,0.0276,0.0000,0.4029
1735,0.114400,0.4456,0.9999,0.0272,0.0000,0.4320
1736,0.114810,0.4762,0.9999,0.0268,0.0000,0.4628
1737,0.113315,0.5078,0.9999,0.0264,0.0000,0.4946
1738,0.111709,0.5395,0.9999,0.0260,0.0004,0.5265
1739,0.109971,0.5706,0.9999,0.0257,0.0004,0.5578
1740,0.108072,0.6002,0.9999,0.0253,0.0004,0.5875
1741,0.105982,0.6276,0.9999,0.0250,0.0004,0.6151
1742,0.103661,0.6520,0.9999,0.0247,0.0004,0.6397
1743,0.101063,0.6729,0.9999,0.0244,0.0000,0.6607
1744,0.100397,0.6896,0.9999,0.0240,0.0000,0.6776
1745,0.100278,0.7018,0.9999,0.0237,0.0000,0.6900
1746,0.100179,0.7091,0.9999,0.0232,0.0000,0.6975
1747,0.100113,0.7114,0.9999,0.0227,0.0004,0.7000
1748,0.100084,0.7084,0.9999,0.0221,0.0000,0.6974
1749,0.100085,0.7004,0.9999,0.0215,0.0004,0.6897
1750,0.100179,0.6875,0.9999,0.0207,0.0000,0.6772
1751,0.100337,0.6700,0.9999,0.0198,0.0000,0.6601
1752,0.100511,0.6484,0.9999,0.0188,0.0000,0.6390
1753,0.100696,0.6232,0.9999,0.0177,0.0000,0.6143
1754,0.100890,0.5950,0.9999,0.0165,0.0000,0.5867
1755,0.101086,0.5645,0.9999,0.0152,0.0000,0.5569
1756,0.101279,0.5326,0.9999,0.0138,0.0000,0.5256
1757,0.102537,0.4999,1.0000,0.0124,0.0000,0.4937
1758,0.103732,0.4674,1.0000,0.0108,0.0000,0.4619
1759,0.104861,0.4358,1.0000,0.0093,0.0046,0.4311
1760,0.105893,0.4059,1.0000,0.0077,0.0000,0.4021
1761,0.106924,0.3786,1.0000,0.0060,0.0000,0.3756
1762,0.107841,0.3544,1.0000,0.0044,0.0027,0.3522
1763,0.108670,0.3340,1.0000,0.0027,0.0020,0.3326
1764,0.109456,0.3180,1.0000,0.0013,0.0020,0.3173
1765,0.110147,0.3073,1.0000,0.0013,0.0076,0.3067
1766,0.110786,0.3020,1.0000,0.0021,0.0020,0.3010
1767,0.111373,0.3022,1.0000,0.0036,0.0024,0.3004
1768,0.111923,0.3074,1.0000,0.0051,0.0000,0.3048
1769,0.112420,0.3176,1.0000,0.0065,0.0004,0.3143
1770,0.113032,0.3325,1.0000,0.0079,0.0000,0.3285
1771,0.113593,0.3518,1.0000,0.0093,0.0000,0.3471
1772,0.114113,0.3750,1.0000,0.0107,0.0000,0.3696
1773,0.114589,0.4015,1.0000,0.0121,0.0000,0.3954
1774,0.115025,0.4306,1.0000,0.0134,0.0020,0.4239
1775,0.115433,0.4618,1.0000,0.0148,0.0000,0.4544
1776,0.115779,0.4940,1.0000,0.0161,0.0000,0.4860
1777,0.114322,0.5266,1.0000,0.0173,0.0000,0.5179
1778,0.112774,0.5587,1.0000,0.0185,0.0000,0.5495
1779,0.111120,0.5895,1.0000,0.0197,0.0000,0.5797
1780,0.109339,0.6182,1.0000,0.0207,0.0000,0.6079
1781,0.107406,0.6441,1.0000,0.0216,0.0020,0.6334
1782,0.105295,0.6666,1.0000,0.0223,0.0007,0.6554
1783,0.102938,0.6850,1.0000,0.0230,0.0000,0.6735
1784,0.100307,0.6989,1.0000,0.0236,0.0000,0.6871
1785,0.100200,0.7080,1.0000,0.0240,0.0000,0.6960
1786,0.100120,0.7120,1.0000,0.0243,0.0000,0.6998
1787,0.100080,0.7109,1.0000,0.0246,0.0000,0.6986
1788,0.100067,0.7047,1.0000,0.0249,0.0000,0.6923
1789,0.100113,0.6936,1.0000,0.0251,0.0004,0.6810
1790,0.100257,0.6778,1.0000,0.0253,0.0011,0.6652
1791,0.100420,0.6578,1.0000,0.0255,0.0004,0.6451
1792,0.100605,0.6342,1.0000,0.0257,0.0000,0.6213
1793,0.100795,0.6074,1.0000,0.0259,0.0004,0.5944
1794,0.100982,0.5783,1.0000,0.0262,0.0000,0.5651
1795,0.101174,0.5475,1.0000,0.0266,0.0004,0.5342
1796,0.101353,0.5158,1.0000,0.0270,0.0000,0.5023
1797,0.102601,0.4841,1.0000,0.0274,0.0000,0.4705
1798,0.103778,0.4532,1.0000,0.0279,0.0000,0.4393
1799,0.104885,0.4239,1.0000,0.0284,0.0000,0.4097
1800,0.105921,0.3969,1.0000,0.0289,0.0007,0.3825
1801,0.106879,0.3729,1.0000,0.0295,0.0004,0.3582
1802,0.107773,0.3526,1.0000,0.0301,0.0004,0.3375
1803,0.108590,0.3364,1.0000,0.0307,0.0004,0.3210
1804,0.109336,0.3247,1.0000,0.0313,0.0004,0.3091
1805,0.110015,0.3180,1.0000,0.0320,0.0000,0.3020
1806,0.110643,0.3163,1.0000,0.0326,0.0000,0.3000
1807,0.111228,0.3198,1.0000,0.0333,0.0004,0.3031
1808,0.111761,0.3282,1.0000,0.0339,0.0007,0.3113
1809,0.112355,0.3415,1.0000,0.0346,0.0007,0.3242
1810,0.112938,0.3593,1.0000,0.0352,0.0000,0.3417
1811,0.113474,0.3811,1.0000,0.0359,0.0000,0.3632
1812,0.113973,0.4064,1.0000,0.0365,0.0000,0.3882
1813,0.114430,0.4346,1.0000,0.0372,0.0000,0.4160
1814,0.114847,0.4649,1.0000,0.0378,0.0000,0.4460
1815,0.115228,0.4966,1.0000,0.0384,0.0000,0.4774
1816,0.113750,0.5288,1.0000,0.0389,0.0000,0.5093
1817,0.112173,0.5608,1.0000,0.0394,0.0000,0.5410
1818,0.110479,0.5917,1.0000,0.0399,0.0000,0.5717
1819,0.108643,0.6207,1.0000,0.0403,0.0000,0.6005
1820,0.106637,0.6471,1.0000,0.0407,0.0000,0.6268
1821,0.104425,0.6703,1.0000,0.0410,0.0000,0.6498
1822,0.101961,0.6896,1.0000,0.0411,0.0000,0.6690
1823,0.100290,0.7045,0.9999,0.0412,0.0076,0.6839
1824,0.100205,0.7147,0.9999,0.0412,0.0046,0.6941
1825,0.100093,0.7198,0.9999,0.0411,0.0000,0.6993
1826,0.100050,0.7198,0.9999,0.0408,0.0000,0.6994
1827,0.100030,0.7147,0.9999,0.0404,0.0004,0.6945
1828,0.100049,0.7045,0.9999,0.0399,0.0000,0.6845
1829,0.100194,0.6895,0.9999,0.0392,0.0000,0.6699
1830,0.100356,0.6701,0.9999,0.0384,0.0000,0.6509
1831,0.100535,0.6468,0.9999,0.0376,0.0000,0.6281
1832,0.100724,0.6203,0.9999,0.0366,0.0000,0.6020
1833,0.100918,0.5910,0.9999,0.0356,0.0000,0.5732
1834,0.101112,0.5599,0.9999,0.0344,0.0000,0.5427
1835,0.101300,0.5276,0.9999,0.0333,0.0000,0.5110
1836,0.102552,0.4951,0.9999,0.0321,0.0024,0.4790
1837,0.103724,0.4630,0.9999,0.0309,0.0000,0.4476
1838,0.104862,0.4323,0.9999,0.0297,0.0007,0.4175
1839,0.105904,0.4038,0.9999,0.0284,0.0004,0.3895
1840,0.106883,0.3780,0.9999,0.0272,0.0004,0.3644
1841,0.107787,0.3557,0.9999,0.0261,0.0004,0.3427
1842,0.108619,0.3375,0.9999,0.0249,0.0000,0.3250
1843,0.109383,0.3237,0.9999,0.0238,0.0000,0.3118
1844,0.110076,0.3148,0.9999,0.0226,0.0000,0.3034
1845,0.110709,0.3108,0.9999,0.0215,0.0000,0.3001
1846,0.111302,0.3120,0.9999,0.0205,0.0000,0.3018
1847,0.111846,0.3183,0.9999,0.0194,0.0000,0.3086
1848,0.112387,0.3295,0.9999,0.0184,0.0000,0.3203
1849,0.112986,0.3453,0.9999,0.0174,0.0004,0.3366
1850,0.113542,0.3652,0.9999,0.0164,0.0000,0.3570
1851,0.114052,0.3888,1.0000,0.0155,0.0000,0.3811
1852,0.114523,0.4155,1.0000,0.0145,0.0000,0.4083
1853,0.114954,0.4446,1.0000,0.0136,0.0000,0.4378
1854,0.115348,0.4752,1.0000,0.0128,0.0000,0.4688
1855,0.113881,0.5067,1.0000,0.0120,0.0000,0.5007
1856,0.112313,0.5382,1.0000,0.0113,0.0004,0.5326
1857,0.110626,0.5689,1.0000,0.0106,0.0000,0.5636
1858,0.108791,0.5979,1.0000,0.0099,0.0000,0.5930
1859,0.106786,0.6247,1.0000,0.0093,0.0000,0.6200
1860,0.104570,0.6483,1.0000,0.0087,0.0000,0.6440
1861,0.102100,0.6683,1.0000,0.0082,0.0007,0.6642
1862,0.100425,0.6842,1.0000,0.0077,0.0000,0.6803
1863,0.100306,0.6954,1.0000,0.0072,0.0007,0.6918
1864,0.100188,0.7017,1.0000,0.0067,0.0020,0.6984
1865,0.100339,0.7030,1.0000,0.0062,0.0004,0.6999
1866,0.100159,0.6991,1.0000,0.0056,0.0000,0.6963
1867,0.100135,0.6902,1.0000,0.0050,0.0000,0.6877
1868,0.100236,0.6764,1.0000,0.0043,0.0000,0.6743
1869,0.100392,0.6582,1.0000,0.0035,0.0004,0.6564
1870,0.100566,0.6359,1.0000,0.0027,0.0000,0.6346
1871,0.100757,0.6102,1.0000,0.0018,0.0021,0.6093
1872,0.100938,0.5819,1.0000,0.0014,0.0000,0.5812
1873,0.101147,0.5517,1.0000,0.0013,0.0024,0.5510
1874,0.101320,0.5204,1.0000,0.0015,0.0020,0.5196
1875,0.102573,0.4890,1.0000,0.0028,0.0000,0.4876
1876,0.103770,0.4580,1.0000,0.0041,0.0040,0.4560
1877,0.104858,0.4282,1.0000,0.0055,0.0000,0.4255
1878,0.105936,0.4003,1.0000,0.0069,0.0024,0.3968
1879,0.106893,0.3751,1.0000,0.0084,0.0004,0.3709
1880,0.107814,0.3531,1.0000,0.0099,0.0000,0.3482
1881,0.108647,0.3351,1.0000,0.0114,0.0004,0.3294
1882,0.109405,0.3214,1.0000,0.0129,0.0004,0.3149
1883,0.110098,0.3124,1.0000,0.0144,0.0004,0.3052
1884,0.110734,0.3084,1.0000,0.0158,0.0004,0.3005
1885,0.111329,0.3095,1.0000,0.0173,0.0000,0.3008
1886,0.111872,0.3156,1.0000,0.0187,0.0000,0.3063
1887,0.112409,0.3267,1.0000,0.0200,0.0000,0.3167
1888,0.113004,0.3424,1.0000,0.0214,0.0000,0.3317
1889,0.113557,0.3625,1.0000,0.0227,0.0000,0.3511
1890,0.114067,0.3863,1.0000,0.0240,0.0020,0.3743
1891,0.114546,0.4133,1.0000,0.0252,0.0004,0.4007
1892,0.114962,0.4428,1.0000,0.0265,0.0000,0.4296
1893,0.115352,0.4742,1.0000,0.0277,0.0000,0.4603
1894,0.113883,0.5065,1.0000,0.0289,0.0000,0.4921
1895,0.112311,0.5390,1.0000,0.0300,0.0000,0.5240
1896,0.110617,0.5709,1.0000,0.0311,0.0000,0.5553
1897,0.108778,0.6013,1.0000,0.0321,0.0004,0.5852
1898,0.106766,0.6295,1.0000,0.0330,0.0000,0.6130
1899,0.104540,0.6547,1.0000,0.0338,0.0000,0.6378
1900,0.102061,0.6764,1.0000,0.0344,0.0000,0.6592
1901,0.100375,0.6939,1.0000,0.0350,0.0000,0.6764
1902,0.100252,0.7069,1.0000,0.0354,0.0000,0.6892
1903,0.100148,0.7149,1.0000,0.0356,0.0000,0.6971
1904,0.100074,0.7179,1.0000,0.0358,0.0000,0.7000
1905,0.100041,0.7157,1.0000,0.0358,0.0056,0.6978
1906,0.100027,0.7084,1.0000,0.0358,0.0000,0.6905
1907,0.100120,0.6962,1.0000,0.0357,0.0000,0.6784
1908,0.100268,0.6794,1.0000,0.0355,0.0024,0.6617
1909,0.100422,0.6585,1.0000,0.0353,0.0004,0.6408
1910,0.100619,0.6339,1.0000,0.0350,0.0000,0.6164
1911,0.100809,0.6064,1.0000,0.0348,0.0004,0.5890
1912,0.100998,0.5766,1.0000,0.0345,0.0007,0.5593
1913,0.101185,0.5453,1.0000,0.0343,0.0004,0.5282
1914,0.101370,0.5133,1.0000,0.0341,0.0000,0.4963
1915,0.102616,0.4814,1.0000,0.0339,0.0000,0.4644
1916,0.103792,0.4504,1.0000,0.0337,0.0000,0.4335
1917,0.104896,0.4211,1.0000,0.0336,0.0000,0.4043
1918,0.105929,0.3943,1.0000,0.0335,0.0028,0.3776
1919,0.106869,0.3706,1.0000,0.0334,0.0028,0.3539
1920,0.107760,0.3507,1.0000,0.0334,0.0024,0.3340
1921,0.108579,0.3350,1.0000,0.0333,0.0000,0.3184
1922,0.109338,0.3240,1.0000,0.0333,0.0004,0.3074
1923,0.110004,0.3179,1.0000,0.0333,0.0000,0.3013
1924,0.110625,0.3169,1.0000,0.0334,0.0004,0.3002
1925,0.111204,0.3210,1.0000,0.0334,0.0000,0.3043
1926,0.111730,0.3301,1.0000,0.0334,0.0004,0.3134
1927,0.112341,0.3440,1.0000,0.0335,0.0024,0.3272
1928,0.112932,0.3623,1.0000,0.0336,0.0020,0.3455
1929,0.113465,0.3845,1.0000,0.0336,0.0004,0.3677
1930,0.113952,0.4101,1.0000,0.0337,0.0004,0.3933
1931,0.114411,0.4385,1.0000,0.0338,0.0004,0.4216
1932,0.114829,0.4688,1.0000,0.0339,0.0004,0.4519
1933,0.113341,0.5004,1.0000,0.0339,0.0000,0.4834
1934,0.111738,0.5324,1.0000,0.0340,0.0004,0.5154
1935,0.110005,0.5640,1.0000,0.0341,0.0000,0.5470
1936,0.108105,0.5944,1.0000,0.0342,0.0000,0.5774
1937,0.106013,0.6228,1.0000,0.0342,0.0048,0.6057
1938,0.103707,0.6485,1.0000,0.0342,0.0072,0.6314
1939,0.101102,0.6709,1.0000,0.0341,0.0000,0.6538
1940,0.100399,0.6892,1.0000,0.0340,0.0000,0.6722
1941,0.100279,0.7031,1.0000,0.0339,0.0004,0.6862
1942,0.100178,0.7122,1.0000,0.0336,0.0004,0.6955
1943,0.100101,0.7163,1.0000,0.0332,0.0000,0.6997
1944,0.100063,0.7153,1.0000,0.0328,0.0000,0.6989
1945,0.100051,0.7090,1.0000,0.0322,0.0000,0.6929
1946,0.100100,0.6978,1.0000,0.0315,0.0000,0.6821
1947,0.100248,0.6819,1.0000,0.0307,0.0000,0.6666
1948,0.100416,0.6617,0.9999,0.0297,0.0000,0.6468
1949,0.100599,0.6377,0.9999,0.0286,0.0004,0.6233
1950,0.100788,0.6104,0.9999,0.0275,0.0020,0.5967
1951,0.100975,0.5806,0.9999,0.0262,0.0000,0.5675
1952,0.101185,0.5491,0.9999,0.0249,0.0004,0.5367
1953,0.101370,0.5166,0.9999,0.0235,0.0000,0.5049
1954,0.102624,0.4840,1.0000,0.0220,0.0000,0.4730
1955,0.103809,0.4520,1.0000,0.0205,0.0000,0.4418
1956,0.104925,0.4215,1.0000,0.0190,0.0000,0.4120
1957,0.105970,0.3932,1.0000,0.0175,0.0004,0.3845
1958,0.106940,0.3679,1.0000,0.0159,0.0004,0.3600
1959,0.107840,0.3462,1.0000,0.0144,0.0000,0.3390
1960,0.108671,0.3286,1.0000,0.0129,0.0007,0.3222
1961,0.109422,0.3155,1.0000,0.0114,0.0000,0.3099
1962,0.110117,0.3074,1.0000,0.0099,0.0000,0.3024
1963,0.110746,0.3042,1.0000,0.0085,0.0020,0.3000
1964,0.111342,0.3062,1.0000,0.0070,0.0020,0.3027
1965,0.111880,0.3133,1.0000,0.0056,0.0000,0.3105
1966,0.112430,0.3252,1.0000,0.0043,0.0004,0.3230
1967,0.113029,0.3416,1.0000,0.0029,0.0000,0.3401
1968,0.113579,0.3622,1.0000,0.0016,0.0021,0.3613
1969,0.114093,0.3868,1.0000,0.0014,0.0007,0.3861
1970,0.114543,0.4144,1.0000,0.0014,0.0020,0.4137
1971,0.114972,0.4446,1.0000,0.0021,0.0020,0.4436
1972,0.115352,0.4765,1.0000,0.0032,0.0000,0.4749
1973,0.113864,0.5089,1.0000,0.0043,0.0000,0.5068
1974,0.112292,0.5412,1.0000,0.0053,0.0020,0.5385
1975,0.110609,0.5724,1.0000,0.0062,0.0000,0.5693
1976,0.108759,0.6019,1.0000,0.0071,0.0020,0.5983
1977,0.106761,0.6287,1.0000,0.0079,0.0000,0.6248
1978,0.104532,0.6524,1.0000,0.0086,0.0000,0.6481
1979,0.102064,0.6722,1.0000,0.0092,0.0000,0.6676
1980,0.100389,0.6878,1.0000,0.0098,0.0000,0.6829
1981,0.100275,0.6986,1.0000,0.0103,0.0000,0.6934
1982,0.100183,0.7044,1.0000,0.0108,0.0000,0.6991
1983,0.100129,0.7052,1.0000,0.0112,0.0007,0.6996
1984,0.100105,0.7009,1.0000,0.0117,0.0004,0.6950
1985,0.100113,0.6916,1.0000,0.0121,0.0004,0.6855
1986,0.100243,0.6775,1.0000,0.0126,0.0000,0.6712
1987,0.100404,0.6591,1.0000,0.0131,0.0000,0.6526
1988,0.100577,0.6368,1.0000,0.0136,0.0004,0.6300
1989,0.100759,0.6112,1.0000,0.0142,0.0000,0.6041
1990,0.100951,0.5830,1.0000,0.0149,0.0000,0.5756
1991,0.101140,0.5529,1.0000,0.0156,0.0000,0.5451
1992,0.101323,0.5217,1.0000,0.0164,0.0000,0.5135
1993,0.102570,0.4902,1.0000,0.0173,0.0000,0.4816
1994,0.103752,0.4592,1.0000,0.0182,0.0004,0.4501
1995,0.104863,0.4294,1.0000,0.0192,0.0000,0.4198
1996,0.105909,0.4018,1.0000,0.0202,0.0000,0.3917
1997,0.106880,0.3769,1.0000,0.0213,0.0000,0.3663
1998,0.107779,0.3555,1.0000,0.0224,0.0000,0.3443
1999,0.108607,0.3380,1.0000,0.0235,0.0000,0.3263
